--------------------------------------------------------
--  File created - nedeľa-mája-11-2025   
--------------------------------------------------------
--------------------------------------------------------
--  DDL for Sequence CISLOVANIE_OS_CISLO
--------------------------------------------------------

   CREATE SEQUENCE  "JURIK2"."CISLOVANIE_OS_CISLO"  MINVALUE 1 MAXVALUE 9999999999999999999999999999 INCREMENT BY 1 START WITH 21 CACHE 20 NOORDER  NOCYCLE  NOKEEP  NOSCALE  GLOBAL ;
--------------------------------------------------------
--  DDL for Sequence SEKVENCIA
--------------------------------------------------------

   CREATE SEQUENCE  "JURIK2"."SEKVENCIA"  MINVALUE 1 MAXVALUE 9999999999999999999999999999 INCREMENT BY 1 START WITH 1 CACHE 20 NOORDER  NOCYCLE  NOKEEP  NOSCALE  GLOBAL ;
--------------------------------------------------------
--  DDL for Sequence SEKV_ST_ID2
--------------------------------------------------------

   CREATE SEQUENCE  "JURIK2"."SEKV_ST_ID2"  MINVALUE 7 MAXVALUE 30 INCREMENT BY 5 START WITH 27 CACHE 2 NOORDER  CYCLE  NOKEEP  NOSCALE  GLOBAL ;
--------------------------------------------------------
--  DDL for Table FILM
--------------------------------------------------------

  CREATE TABLE "JURIK2"."FILM" 
   (	"ID_FILMU" NUMBER(*,0), 
	"NAZOV" VARCHAR2(50 BYTE), 
	"JAZYKOVA_VERZIA" VARCHAR2(3 BYTE), 
	"PRODUKCNA_SPOLOCNOST" VARCHAR2(50 BYTE)
   ) SEGMENT CREATION IMMEDIATE 
  PCTFREE 10 PCTUSED 40 INITRANS 1 MAXTRANS 255 
 NOCOMPRESS LOGGING
  STORAGE(INITIAL 65536 NEXT 1048576 MINEXTENTS 1 MAXEXTENTS 2147483645
  PCTINCREASE 0 FREELISTS 1 FREELIST GROUPS 1
  BUFFER_POOL DEFAULT FLASH_CACHE DEFAULT CELL_FLASH_CACHE DEFAULT)
  TABLESPACE "STUDENTI_DBS_2024" ;
--------------------------------------------------------
--  DDL for Table HODNOTENIE
--------------------------------------------------------

  CREATE TABLE "JURIK2"."HODNOTENIE" 
   (	"ZAKAZNIK_ROD_CISLO" CHAR(11 BYTE), 
	"FILM_ID_FILMU" NUMBER(*,0), 
	"POCET_HVIEZDICIEK" NUMBER(2,1), 
	"RECENZIA" VARCHAR2(255 BYTE), 
	"DATUM_HODNOTENIA" DATE
   ) SEGMENT CREATION IMMEDIATE 
  PCTFREE 10 PCTUSED 40 INITRANS 1 MAXTRANS 255 
 NOCOMPRESS LOGGING
  STORAGE(INITIAL 65536 NEXT 1048576 MINEXTENTS 1 MAXEXTENTS 2147483645
  PCTINCREASE 0 FREELISTS 1 FREELIST GROUPS 1
  BUFFER_POOL DEFAULT FLASH_CACHE DEFAULT CELL_FLASH_CACHE DEFAULT)
  TABLESPACE "STUDENTI_DBS_2024" ;
--------------------------------------------------------
--  DDL for Table KINO
--------------------------------------------------------

  CREATE TABLE "JURIK2"."KINO" 
   (	"ID_KINA" NUMBER(*,0), 
	"NAZOV_KINA" VARCHAR2(50 BYTE), 
	"ADRESA" VARCHAR2(50 BYTE), 
	"POCET_SAL" NUMBER(*,0)
   ) SEGMENT CREATION IMMEDIATE 
  PCTFREE 10 PCTUSED 40 INITRANS 1 MAXTRANS 255 
 NOCOMPRESS LOGGING
  STORAGE(INITIAL 65536 NEXT 1048576 MINEXTENTS 1 MAXEXTENTS 2147483645
  PCTINCREASE 0 FREELISTS 1 FREELIST GROUPS 1
  BUFFER_POOL DEFAULT FLASH_CACHE DEFAULT CELL_FLASH_CACHE DEFAULT)
  TABLESPACE "STUDENTI_DBS_2024" ;
--------------------------------------------------------
--  DDL for Table KONTAKTY
--------------------------------------------------------

  CREATE TABLE "JURIK2"."KONTAKTY" 
   (	"TYP_KONTAKTU" CHAR(1 BYTE), 
	"HODNOTA_KONTAKTU" VARCHAR2(50 BYTE), 
	"ID_KONTAKTU" NUMBER(*,0), 
	"ZAKAZNIK_ROD_CISLO" CHAR(11 BYTE), 
	"KINO_ID_KINA" NUMBER(*,0), 
	"ZAMESTNANEC_ROD_CISLO" CHAR(11 BYTE)
   ) SEGMENT CREATION IMMEDIATE 
  PCTFREE 10 PCTUSED 40 INITRANS 1 MAXTRANS 255 
 NOCOMPRESS LOGGING
  STORAGE(INITIAL 65536 NEXT 1048576 MINEXTENTS 1 MAXEXTENTS 2147483645
  PCTINCREASE 0 FREELISTS 1 FREELIST GROUPS 1
  BUFFER_POOL DEFAULT FLASH_CACHE DEFAULT CELL_FLASH_CACHE DEFAULT)
  TABLESPACE "STUDENTI_DBS_2024" ;
--------------------------------------------------------
--  DDL for Table PREDANE_LISTKY
--------------------------------------------------------

  CREATE TABLE "JURIK2"."PREDANE_LISTKY" 
   (	"PLATOBNA_METODA" CHAR(1 BYTE), 
	"PREMIETANIE_FILM_ID_FILMU" NUMBER(*,0), 
	"PREMIETANIE_KINO_ID_KINA" NUMBER(*,0), 
	"PREMIETANIE_PREMIETANIE_CAS" DATE, 
	"ZAKAZNIK_ROD_CISLO" CHAR(11 BYTE), 
	"ZAPLATENÁ_CENA_LÍSTKA" NUMBER(4,2)
   ) SEGMENT CREATION IMMEDIATE 
  PCTFREE 10 PCTUSED 40 INITRANS 1 MAXTRANS 255 
 NOCOMPRESS LOGGING
  STORAGE(INITIAL 65536 NEXT 1048576 MINEXTENTS 1 MAXEXTENTS 2147483645
  PCTINCREASE 0 FREELISTS 1 FREELIST GROUPS 1
  BUFFER_POOL DEFAULT FLASH_CACHE DEFAULT CELL_FLASH_CACHE DEFAULT)
  TABLESPACE "STUDENTI_DBS_2024" ;
--------------------------------------------------------
--  DDL for Table PREMIETANIE
--------------------------------------------------------

  CREATE TABLE "JURIK2"."PREMIETANIE" 
   (	"PREMIETANIE_CAS" DATE, 
	"FILM_ID_FILMU" NUMBER(*,0), 
	"KINO_ID_KINA" NUMBER(*,0), 
	"DOSTUPNE_LISTKY" NUMBER(*,0), 
	"CENA_LISTKA" NUMBER(4,2), 
	"OBSADENOST_MIEST" NUMBER(*,0), 
	"MAX_KAPACITA" NUMBER(*,0)
   ) SEGMENT CREATION IMMEDIATE 
  PCTFREE 10 PCTUSED 40 INITRANS 1 MAXTRANS 255 
 NOCOMPRESS LOGGING
  STORAGE(INITIAL 65536 NEXT 1048576 MINEXTENTS 1 MAXEXTENTS 2147483645
  PCTINCREASE 0 FREELISTS 1 FREELIST GROUPS 1
  BUFFER_POOL DEFAULT FLASH_CACHE DEFAULT CELL_FLASH_CACHE DEFAULT)
  TABLESPACE "STUDENTI_DBS_2024" ;
--------------------------------------------------------
--  DDL for Table ZAKAZNIK
--------------------------------------------------------

  CREATE TABLE "JURIK2"."ZAKAZNIK" 
   (	"MENO" VARCHAR2(50 BYTE), 
	"PRIEZVISKO" VARCHAR2(50 BYTE), 
	"ROD_CISLO" CHAR(11 BYTE), 
	"VERNOSTNY_PROGRAM" NUMBER DEFAULT 0
   ) SEGMENT CREATION IMMEDIATE 
  PCTFREE 10 PCTUSED 40 INITRANS 1 MAXTRANS 255 
 NOCOMPRESS LOGGING
  STORAGE(INITIAL 65536 NEXT 1048576 MINEXTENTS 1 MAXEXTENTS 2147483645
  PCTINCREASE 0 FREELISTS 1 FREELIST GROUPS 1
  BUFFER_POOL DEFAULT FLASH_CACHE DEFAULT CELL_FLASH_CACHE DEFAULT)
  TABLESPACE "STUDENTI_DBS_2024" ;
--------------------------------------------------------
--  DDL for Table ZAMESTNANEC
--------------------------------------------------------

  CREATE TABLE "JURIK2"."ZAMESTNANEC" 
   (	"MENO" VARCHAR2(50 BYTE), 
	"PRIEZVISKO" VARCHAR2(50 BYTE), 
	"ROD_CISLO" CHAR(11 BYTE), 
	"PRACOVNA_POZICIA" CHAR(1 BYTE), 
	"KINO_ID_KINA" NUMBER(*,0)
   ) SEGMENT CREATION IMMEDIATE 
  PCTFREE 10 PCTUSED 40 INITRANS 1 MAXTRANS 255 
 NOCOMPRESS LOGGING
  STORAGE(INITIAL 65536 NEXT 1048576 MINEXTENTS 1 MAXEXTENTS 2147483645
  PCTINCREASE 0 FREELISTS 1 FREELIST GROUPS 1
  BUFFER_POOL DEFAULT FLASH_CACHE DEFAULT CELL_FLASH_CACHE DEFAULT)
  TABLESPACE "STUDENTI_DBS_2024" ;
REM INSERTING into JURIK2.FILM
SET DEFINE OFF;
Insert into JURIK2.FILM (ID_FILMU,NAZOV,JAZYKOVA_VERZIA,PRODUKCNA_SPOLOCNOST) values ('1','Pán prsteňov: Spoločenstvo prsteňa','SK','New Line Cinema');
Insert into JURIK2.FILM (ID_FILMU,NAZOV,JAZYKOVA_VERZIA,PRODUKCNA_SPOLOCNOST) values ('2','Forrest Gump','CZ','Paramount Pictures');
Insert into JURIK2.FILM (ID_FILMU,NAZOV,JAZYKOVA_VERZIA,PRODUKCNA_SPOLOCNOST) values ('3','Inception','EN','Warner Bros');
Insert into JURIK2.FILM (ID_FILMU,NAZOV,JAZYKOVA_VERZIA,PRODUKCNA_SPOLOCNOST) values ('4','Vykúpenie z väznice Shawshank','SK','Castle Rock Entertainment');
Insert into JURIK2.FILM (ID_FILMU,NAZOV,JAZYKOVA_VERZIA,PRODUKCNA_SPOLOCNOST) values ('5','Pelíšky','CZ','Česká televize');
Insert into JURIK2.FILM (ID_FILMU,NAZOV,JAZYKOVA_VERZIA,PRODUKCNA_SPOLOCNOST) values ('6','Temný rytier','EN','Warner Bros');
Insert into JURIK2.FILM (ID_FILMU,NAZOV,JAZYKOVA_VERZIA,PRODUKCNA_SPOLOCNOST) values ('7','Titanic','SK','20th Century Fox');
Insert into JURIK2.FILM (ID_FILMU,NAZOV,JAZYKOVA_VERZIA,PRODUKCNA_SPOLOCNOST) values ('8','Matrix','EN','Warner Bros');
Insert into JURIK2.FILM (ID_FILMU,NAZOV,JAZYKOVA_VERZIA,PRODUKCNA_SPOLOCNOST) values ('9','S čerty nejsou žerty','CZ','Barrandov');
Insert into JURIK2.FILM (ID_FILMU,NAZOV,JAZYKOVA_VERZIA,PRODUKCNA_SPOLOCNOST) values ('10','Gladiátor','SK','DreamWorks Pictures');
Insert into JURIK2.FILM (ID_FILMU,NAZOV,JAZYKOVA_VERZIA,PRODUKCNA_SPOLOCNOST) values ('11','Harry Potter a kameň mudrcov','SK','Warner Bros');
Insert into JURIK2.FILM (ID_FILMU,NAZOV,JAZYKOVA_VERZIA,PRODUKCNA_SPOLOCNOST) values ('12','Kráska a zviera','CZ','Walt Disney');
Insert into JURIK2.FILM (ID_FILMU,NAZOV,JAZYKOVA_VERZIA,PRODUKCNA_SPOLOCNOST) values ('13','Avengers: Endgame','EN','Marvel Studios');
Insert into JURIK2.FILM (ID_FILMU,NAZOV,JAZYKOVA_VERZIA,PRODUKCNA_SPOLOCNOST) values ('14','Samotáři','CZ','Česká televize');
Insert into JURIK2.FILM (ID_FILMU,NAZOV,JAZYKOVA_VERZIA,PRODUKCNA_SPOLOCNOST) values ('15','Nezvestná','SK','Netflix');
Insert into JURIK2.FILM (ID_FILMU,NAZOV,JAZYKOVA_VERZIA,PRODUKCNA_SPOLOCNOST) values ('16','Casino Royale','EN','Columbia Pictures');
Insert into JURIK2.FILM (ID_FILMU,NAZOV,JAZYKOVA_VERZIA,PRODUKCNA_SPOLOCNOST) values ('17','Obecná škola','CZ','Barrandov');
Insert into JURIK2.FILM (ID_FILMU,NAZOV,JAZYKOVA_VERZIA,PRODUKCNA_SPOLOCNOST) values ('18','Zjavenie','SK','Netflix');
Insert into JURIK2.FILM (ID_FILMU,NAZOV,JAZYKOVA_VERZIA,PRODUKCNA_SPOLOCNOST) values ('19','Shrek','SK','DreamWorks Animation');
Insert into JURIK2.FILM (ID_FILMU,NAZOV,JAZYKOVA_VERZIA,PRODUKCNA_SPOLOCNOST) values ('20','Pulp Fiction','EN','Miramax');
Insert into JURIK2.FILM (ID_FILMU,NAZOV,JAZYKOVA_VERZIA,PRODUKCNA_SPOLOCNOST) values ('21','Kolja','CZ','Barrandov Film Studio');
Insert into JURIK2.FILM (ID_FILMU,NAZOV,JAZYKOVA_VERZIA,PRODUKCNA_SPOLOCNOST) values ('22','Hobit: Neočakávaná cesta','SK','Warner Bros');
Insert into JURIK2.FILM (ID_FILMU,NAZOV,JAZYKOVA_VERZIA,PRODUKCNA_SPOLOCNOST) values ('23','Batman začína','EN','Warner Bros');
Insert into JURIK2.FILM (ID_FILMU,NAZOV,JAZYKOVA_VERZIA,PRODUKCNA_SPOLOCNOST) values ('24','Coco','CZ','Pixar');
Insert into JURIK2.FILM (ID_FILMU,NAZOV,JAZYKOVA_VERZIA,PRODUKCNA_SPOLOCNOST) values ('25','Dunkirk','EN','Warner Bros');
Insert into JURIK2.FILM (ID_FILMU,NAZOV,JAZYKOVA_VERZIA,PRODUKCNA_SPOLOCNOST) values ('26','Tři oříšky pro Popelku','CZ','DEFA');
Insert into JURIK2.FILM (ID_FILMU,NAZOV,JAZYKOVA_VERZIA,PRODUKCNA_SPOLOCNOST) values ('27','The Social Network','EN','Columbia Pictures');
Insert into JURIK2.FILM (ID_FILMU,NAZOV,JAZYKOVA_VERZIA,PRODUKCNA_SPOLOCNOST) values ('28','Trainspotting','EN','PolyGram');
Insert into JURIK2.FILM (ID_FILMU,NAZOV,JAZYKOVA_VERZIA,PRODUKCNA_SPOLOCNOST) values ('29','Slunce, seno, jahody','CZ','Filmové studio Barrandov');
Insert into JURIK2.FILM (ID_FILMU,NAZOV,JAZYKOVA_VERZIA,PRODUKCNA_SPOLOCNOST) values ('30','Zootopia','SK','Walt Disney');
Insert into JURIK2.FILM (ID_FILMU,NAZOV,JAZYKOVA_VERZIA,PRODUKCNA_SPOLOCNOST) values ('31','Sherlock Holmes','EN','Warner Bros');
Insert into JURIK2.FILM (ID_FILMU,NAZOV,JAZYKOVA_VERZIA,PRODUKCNA_SPOLOCNOST) values ('32','Zázračné dieťa','SK','RTVS');
Insert into JURIK2.FILM (ID_FILMU,NAZOV,JAZYKOVA_VERZIA,PRODUKCNA_SPOLOCNOST) values ('33','Star Wars: Nová nádej','SK','Lucasfilm');
Insert into JURIK2.FILM (ID_FILMU,NAZOV,JAZYKOVA_VERZIA,PRODUKCNA_SPOLOCNOST) values ('34','Anděl Páně','CZ','Česká televize');
Insert into JURIK2.FILM (ID_FILMU,NAZOV,JAZYKOVA_VERZIA,PRODUKCNA_SPOLOCNOST) values ('35','Logan','EN','20th Century Fox');
Insert into JURIK2.FILM (ID_FILMU,NAZOV,JAZYKOVA_VERZIA,PRODUKCNA_SPOLOCNOST) values ('36','Vesničko má středisková','CZ','Filmové studio Barrandov');
Insert into JURIK2.FILM (ID_FILMU,NAZOV,JAZYKOVA_VERZIA,PRODUKCNA_SPOLOCNOST) values ('37','Deadpool','EN','Marvel Entertainment');
Insert into JURIK2.FILM (ID_FILMU,NAZOV,JAZYKOVA_VERZIA,PRODUKCNA_SPOLOCNOST) values ('38','Příšerky s.r.o.','CZ','Pixar');
Insert into JURIK2.FILM (ID_FILMU,NAZOV,JAZYKOVA_VERZIA,PRODUKCNA_SPOLOCNOST) values ('39','Lví král','SK','Walt Disney');
Insert into JURIK2.FILM (ID_FILMU,NAZOV,JAZYKOVA_VERZIA,PRODUKCNA_SPOLOCNOST) values ('40','Mission: Impossible','EN','Paramount Pictures');
Insert into JURIK2.FILM (ID_FILMU,NAZOV,JAZYKOVA_VERZIA,PRODUKCNA_SPOLOCNOST) values ('41','Šarlatán','CZ','CinemArt');
Insert into JURIK2.FILM (ID_FILMU,NAZOV,JAZYKOVA_VERZIA,PRODUKCNA_SPOLOCNOST) values ('42','La La Land','EN','Lionsgate');
Insert into JURIK2.FILM (ID_FILMU,NAZOV,JAZYKOVA_VERZIA,PRODUKCNA_SPOLOCNOST) values ('43','Klaus','SK','Netflix');
Insert into JURIK2.FILM (ID_FILMU,NAZOV,JAZYKOVA_VERZIA,PRODUKCNA_SPOLOCNOST) values ('44','Fantastické zvery a ich výskyt','SK','Warner Bros');
Insert into JURIK2.FILM (ID_FILMU,NAZOV,JAZYKOVA_VERZIA,PRODUKCNA_SPOLOCNOST) values ('45','Snehulienka a sedem trpaslíkov','SK','Walt Disney');
Insert into JURIK2.FILM (ID_FILMU,NAZOV,JAZYKOVA_VERZIA,PRODUKCNA_SPOLOCNOST) values ('46','Parazit','SK','CJ Entertainment');
Insert into JURIK2.FILM (ID_FILMU,NAZOV,JAZYKOVA_VERZIA,PRODUKCNA_SPOLOCNOST) values ('47','Spider-Man: Bez domova','CZ','Marvel Studios');
Insert into JURIK2.FILM (ID_FILMU,NAZOV,JAZYKOVA_VERZIA,PRODUKCNA_SPOLOCNOST) values ('48','Doctor Strange','EN','Marvel Studios');
Insert into JURIK2.FILM (ID_FILMU,NAZOV,JAZYKOVA_VERZIA,PRODUKCNA_SPOLOCNOST) values ('49','Vratné lahve','CZ','Česká televize');
Insert into JURIK2.FILM (ID_FILMU,NAZOV,JAZYKOVA_VERZIA,PRODUKCNA_SPOLOCNOST) values ('50','Vlk z Wall Street','EN','Paramount Pictures');
REM INSERTING into JURIK2.HODNOTENIE
SET DEFINE OFF;
Insert into JURIK2.HODNOTENIE (ZAKAZNIK_ROD_CISLO,FILM_ID_FILMU,POCET_HVIEZDICIEK,RECENZIA,DATUM_HODNOTENIA) values ('850101/1234','19','0','Zábavné a pútavé.',to_date('27.03.24','DD.MM.RR'));
Insert into JURIK2.HODNOTENIE (ZAKAZNIK_ROD_CISLO,FILM_ID_FILMU,POCET_HVIEZDICIEK,RECENZIA,DATUM_HODNOTENIA) values ('925222/2345','3','4,1',null,to_date('04.03.25','DD.MM.RR'));
Insert into JURIK2.HODNOTENIE (ZAKAZNIK_ROD_CISLO,FILM_ID_FILMU,POCET_HVIEZDICIEK,RECENZIA,DATUM_HODNOTENIA) values ('925202/2345','8','2,2',null,to_date('10.03.25','DD.MM.RR'));
Insert into JURIK2.HODNOTENIE (ZAKAZNIK_ROD_CISLO,FILM_ID_FILMU,POCET_HVIEZDICIEK,RECENZIA,DATUM_HODNOTENIA) values ('910121/1234','36','1,1',null,to_date('11.01.24','DD.MM.RR'));
Insert into JURIK2.HODNOTENIE (ZAKAZNIK_ROD_CISLO,FILM_ID_FILMU,POCET_HVIEZDICIEK,RECENZIA,DATUM_HODNOTENIA) values ('935424/4567','13','4,1','Top 10 čo som videl.',to_date('29.01.24','DD.MM.RR'));
Insert into JURIK2.HODNOTENIE (ZAKAZNIK_ROD_CISLO,FILM_ID_FILMU,POCET_HVIEZDICIEK,RECENZIA,DATUM_HODNOTENIA) values ('935616/6789','32','2,8','Zábavné a pútavé.',to_date('07.10.24','DD.MM.RR'));
Insert into JURIK2.HODNOTENIE (ZAKAZNIK_ROD_CISLO,FILM_ID_FILMU,POCET_HVIEZDICIEK,RECENZIA,DATUM_HODNOTENIA) values ('840525/5678','33','3,7',null,to_date('30.08.23','DD.MM.RR'));
Insert into JURIK2.HODNOTENIE (ZAKAZNIK_ROD_CISLO,FILM_ID_FILMU,POCET_HVIEZDICIEK,RECENZIA,DATUM_HODNOTENIA) values ('905010/0123','16','4',null,to_date('29.06.24','DD.MM.RR'));
Insert into JURIK2.HODNOTENIE (ZAKAZNIK_ROD_CISLO,FILM_ID_FILMU,POCET_HVIEZDICIEK,RECENZIA,DATUM_HODNOTENIA) values ('875920/0123','34','3,8','Dalo sa to pozerať.',to_date('03.06.24','DD.MM.RR'));
Insert into JURIK2.HODNOTENIE (ZAKAZNIK_ROD_CISLO,FILM_ID_FILMU,POCET_HVIEZDICIEK,RECENZIA,DATUM_HODNOTENIA) values ('880313/3456','9','3,5',null,to_date('16.02.25','DD.MM.RR'));
Insert into JURIK2.HODNOTENIE (ZAKAZNIK_ROD_CISLO,FILM_ID_FILMU,POCET_HVIEZDICIEK,RECENZIA,DATUM_HODNOTENIA) values ('880929/9012','7','3,6',null,to_date('30.10.24','DD.MM.RR'));
Insert into JURIK2.HODNOTENIE (ZAKAZNIK_ROD_CISLO,FILM_ID_FILMU,POCET_HVIEZDICIEK,RECENZIA,DATUM_HODNOTENIA) values ('915626/6789','38','4,1',null,to_date('10.04.25','DD.MM.RR'));
Insert into JURIK2.HODNOTENIE (ZAKAZNIK_ROD_CISLO,FILM_ID_FILMU,POCET_HVIEZDICIEK,RECENZIA,DATUM_HODNOTENIA) values ('860919/9012','28','3,4',null,to_date('07.11.24','DD.MM.RR'));
Insert into JURIK2.HODNOTENIE (ZAKAZNIK_ROD_CISLO,FILM_ID_FILMU,POCET_HVIEZDICIEK,RECENZIA,DATUM_HODNOTENIA) values ('945414/4567','48','0,2',null,to_date('24.05.23','DD.MM.RR'));
Insert into JURIK2.HODNOTENIE (ZAKAZNIK_ROD_CISLO,FILM_ID_FILMU,POCET_HVIEZDICIEK,RECENZIA,DATUM_HODNOTENIA) values ('905010/0123','6','2,3',null,to_date('19.04.25','DD.MM.RR'));
Insert into JURIK2.HODNOTENIE (ZAKAZNIK_ROD_CISLO,FILM_ID_FILMU,POCET_HVIEZDICIEK,RECENZIA,DATUM_HODNOTENIA) values ('925222/2345','20','1,4',null,to_date('14.06.24','DD.MM.RR'));
Insert into JURIK2.HODNOTENIE (ZAKAZNIK_ROD_CISLO,FILM_ID_FILMU,POCET_HVIEZDICIEK,RECENZIA,DATUM_HODNOTENIA) values ('925222/2345','39','1,7',null,to_date('06.02.24','DD.MM.RR'));
Insert into JURIK2.HODNOTENIE (ZAKAZNIK_ROD_CISLO,FILM_ID_FILMU,POCET_HVIEZDICIEK,RECENZIA,DATUM_HODNOTENIA) values ('880929/9012','29','3,4','Výborný film!',to_date('24.11.24','DD.MM.RR'));
Insert into JURIK2.HODNOTENIE (ZAKAZNIK_ROD_CISLO,FILM_ID_FILMU,POCET_HVIEZDICIEK,RECENZIA,DATUM_HODNOTENIA) values ('935616/6789','12','4,7',null,to_date('02.03.23','DD.MM.RR'));
Insert into JURIK2.HODNOTENIE (ZAKAZNIK_ROD_CISLO,FILM_ID_FILMU,POCET_HVIEZDICIEK,RECENZIA,DATUM_HODNOTENIA) values ('875920/0123','4','2',null,to_date('03.01.25','DD.MM.RR'));
Insert into JURIK2.HODNOTENIE (ZAKAZNIK_ROD_CISLO,FILM_ID_FILMU,POCET_HVIEZDICIEK,RECENZIA,DATUM_HODNOTENIA) values ('860707/7890','25','3,1',null,to_date('06.10.24','DD.MM.RR'));
Insert into JURIK2.HODNOTENIE (ZAKAZNIK_ROD_CISLO,FILM_ID_FILMU,POCET_HVIEZDICIEK,RECENZIA,DATUM_HODNOTENIA) values ('915626/6789','18','0,8',null,to_date('11.05.23','DD.MM.RR'));
Insert into JURIK2.HODNOTENIE (ZAKAZNIK_ROD_CISLO,FILM_ID_FILMU,POCET_HVIEZDICIEK,RECENZIA,DATUM_HODNOTENIA) values ('890515/5678','41','3,6','Klasika, vždy poteší.',to_date('03.07.24','DD.MM.RR'));
Insert into JURIK2.HODNOTENIE (ZAKAZNIK_ROD_CISLO,FILM_ID_FILMU,POCET_HVIEZDICIEK,RECENZIA,DATUM_HODNOTENIA) values ('880929/9012','31','3,5','Výborný film!',to_date('30.06.23','DD.MM.RR'));
Insert into JURIK2.HODNOTENIE (ZAKAZNIK_ROD_CISLO,FILM_ID_FILMU,POCET_HVIEZDICIEK,RECENZIA,DATUM_HODNOTENIA) values ('890515/5678','22','4,3','Zábavné a pútavé.',to_date('13.04.23','DD.MM.RR'));
Insert into JURIK2.HODNOTENIE (ZAKAZNIK_ROD_CISLO,FILM_ID_FILMU,POCET_HVIEZDICIEK,RECENZIA,DATUM_HODNOTENIA) values ('800717/7890','27','3,3','Slabý scenár.',to_date('19.04.24','DD.MM.RR'));
Insert into JURIK2.HODNOTENIE (ZAKAZNIK_ROD_CISLO,FILM_ID_FILMU,POCET_HVIEZDICIEK,RECENZIA,DATUM_HODNOTENIA) values ('935808/8901','43','4',null,to_date('06.08.23','DD.MM.RR'));
Insert into JURIK2.HODNOTENIE (ZAKAZNIK_ROD_CISLO,FILM_ID_FILMU,POCET_HVIEZDICIEK,RECENZIA,DATUM_HODNOTENIA) values ('935424/4567','11','2,7',null,to_date('26.06.23','DD.MM.RR'));
Insert into JURIK2.HODNOTENIE (ZAKAZNIK_ROD_CISLO,FILM_ID_FILMU,POCET_HVIEZDICIEK,RECENZIA,DATUM_HODNOTENIA) values ('925222/2345','31','4,3','Príliš dlhé.',to_date('06.12.24','DD.MM.RR'));
Insert into JURIK2.HODNOTENIE (ZAKAZNIK_ROD_CISLO,FILM_ID_FILMU,POCET_HVIEZDICIEK,RECENZIA,DATUM_HODNOTENIA) values ('935616/6789','7','2,5','Skvelé herecké výkony.',to_date('29.03.23','DD.MM.RR'));
Insert into JURIK2.HODNOTENIE (ZAKAZNIK_ROD_CISLO,FILM_ID_FILMU,POCET_HVIEZDICIEK,RECENZIA,DATUM_HODNOTENIA) values ('880929/9012','10','1',null,to_date('24.06.24','DD.MM.RR'));
Insert into JURIK2.HODNOTENIE (ZAKAZNIK_ROD_CISLO,FILM_ID_FILMU,POCET_HVIEZDICIEK,RECENZIA,DATUM_HODNOTENIA) values ('925202/2345','13','0,1','Slabý scenár.',to_date('29.05.24','DD.MM.RR'));
Insert into JURIK2.HODNOTENIE (ZAKAZNIK_ROD_CISLO,FILM_ID_FILMU,POCET_HVIEZDICIEK,RECENZIA,DATUM_HODNOTENIA) values ('860707/7890','48','2,1','Top 10 čo som videl.',to_date('24.03.25','DD.MM.RR'));
Insert into JURIK2.HODNOTENIE (ZAKAZNIK_ROD_CISLO,FILM_ID_FILMU,POCET_HVIEZDICIEK,RECENZIA,DATUM_HODNOTENIA) values ('860707/7890','42','4,2','Klasika, vždy poteší.',to_date('13.06.24','DD.MM.RR'));
Insert into JURIK2.HODNOTENIE (ZAKAZNIK_ROD_CISLO,FILM_ID_FILMU,POCET_HVIEZDICIEK,RECENZIA,DATUM_HODNOTENIA) values ('860707/7890','2','4',null,to_date('13.09.23','DD.MM.RR'));
Insert into JURIK2.HODNOTENIE (ZAKAZNIK_ROD_CISLO,FILM_ID_FILMU,POCET_HVIEZDICIEK,RECENZIA,DATUM_HODNOTENIA) values ('870111/1234','12','3,4','Skvelé herecké výkony.',to_date('11.11.23','DD.MM.RR'));
Insert into JURIK2.HODNOTENIE (ZAKAZNIK_ROD_CISLO,FILM_ID_FILMU,POCET_HVIEZDICIEK,RECENZIA,DATUM_HODNOTENIA) values ('935808/8901','20','3,4',null,to_date('08.10.23','DD.MM.RR'));
Insert into JURIK2.HODNOTENIE (ZAKAZNIK_ROD_CISLO,FILM_ID_FILMU,POCET_HVIEZDICIEK,RECENZIA,DATUM_HODNOTENIA) values ('810505/5678','3','4,6',null,to_date('19.11.23','DD.MM.RR'));
Insert into JURIK2.HODNOTENIE (ZAKAZNIK_ROD_CISLO,FILM_ID_FILMU,POCET_HVIEZDICIEK,RECENZIA,DATUM_HODNOTENIA) values ('925222/2345','9','2,4',null,to_date('10.02.25','DD.MM.RR'));
Insert into JURIK2.HODNOTENIE (ZAKAZNIK_ROD_CISLO,FILM_ID_FILMU,POCET_HVIEZDICIEK,RECENZIA,DATUM_HODNOTENIA) values ('935808/8901','33','1,5',null,to_date('18.08.24','DD.MM.RR'));
Insert into JURIK2.HODNOTENIE (ZAKAZNIK_ROD_CISLO,FILM_ID_FILMU,POCET_HVIEZDICIEK,RECENZIA,DATUM_HODNOTENIA) values ('910121/1234','50','4,4','Výborný film!',to_date('21.11.24','DD.MM.RR'));
Insert into JURIK2.HODNOTENIE (ZAKAZNIK_ROD_CISLO,FILM_ID_FILMU,POCET_HVIEZDICIEK,RECENZIA,DATUM_HODNOTENIA) values ('925202/2345','45','4,3',null,to_date('04.10.23','DD.MM.RR'));
Insert into JURIK2.HODNOTENIE (ZAKAZNIK_ROD_CISLO,FILM_ID_FILMU,POCET_HVIEZDICIEK,RECENZIA,DATUM_HODNOTENIA) values ('935616/6789','5','1,4','Dalo sa to pozerať.',to_date('12.07.24','DD.MM.RR'));
Insert into JURIK2.HODNOTENIE (ZAKAZNIK_ROD_CISLO,FILM_ID_FILMU,POCET_HVIEZDICIEK,RECENZIA,DATUM_HODNOTENIA) values ('905010/0123','49','3,5',null,to_date('20.02.23','DD.MM.RR'));
Insert into JURIK2.HODNOTENIE (ZAKAZNIK_ROD_CISLO,FILM_ID_FILMU,POCET_HVIEZDICIEK,RECENZIA,DATUM_HODNOTENIA) values ('880929/9012','37','3,7',null,to_date('12.06.24','DD.MM.RR'));
Insert into JURIK2.HODNOTENIE (ZAKAZNIK_ROD_CISLO,FILM_ID_FILMU,POCET_HVIEZDICIEK,RECENZIA,DATUM_HODNOTENIA) values ('870111/1234','5','4,4',null,to_date('25.04.25','DD.MM.RR'));
Insert into JURIK2.HODNOTENIE (ZAKAZNIK_ROD_CISLO,FILM_ID_FILMU,POCET_HVIEZDICIEK,RECENZIA,DATUM_HODNOTENIA) values ('935808/8901','45','3,6','Dalo sa to pozerať.',to_date('11.03.24','DD.MM.RR'));
Insert into JURIK2.HODNOTENIE (ZAKAZNIK_ROD_CISLO,FILM_ID_FILMU,POCET_HVIEZDICIEK,RECENZIA,DATUM_HODNOTENIA) values ('935424/4567','2','2,7',null,to_date('08.10.24','DD.MM.RR'));
Insert into JURIK2.HODNOTENIE (ZAKAZNIK_ROD_CISLO,FILM_ID_FILMU,POCET_HVIEZDICIEK,RECENZIA,DATUM_HODNOTENIA) values ('900030/0123','47','4,5',null,to_date('11.08.24','DD.MM.RR'));
Insert into JURIK2.HODNOTENIE (ZAKAZNIK_ROD_CISLO,FILM_ID_FILMU,POCET_HVIEZDICIEK,RECENZIA,DATUM_HODNOTENIA) values ('925222/2345','21','2,2',null,to_date('14.10.24','DD.MM.RR'));
Insert into JURIK2.HODNOTENIE (ZAKAZNIK_ROD_CISLO,FILM_ID_FILMU,POCET_HVIEZDICIEK,RECENZIA,DATUM_HODNOTENIA) values ('915626/6789','8','3,7',null,to_date('09.10.24','DD.MM.RR'));
Insert into JURIK2.HODNOTENIE (ZAKAZNIK_ROD_CISLO,FILM_ID_FILMU,POCET_HVIEZDICIEK,RECENZIA,DATUM_HODNOTENIA) values ('860919/9012','40','4,7',null,to_date('24.09.24','DD.MM.RR'));
Insert into JURIK2.HODNOTENIE (ZAKAZNIK_ROD_CISLO,FILM_ID_FILMU,POCET_HVIEZDICIEK,RECENZIA,DATUM_HODNOTENIA) values ('850101/1234','18','1,7',null,to_date('16.09.24','DD.MM.RR'));
Insert into JURIK2.HODNOTENIE (ZAKAZNIK_ROD_CISLO,FILM_ID_FILMU,POCET_HVIEZDICIEK,RECENZIA,DATUM_HODNOTENIA) values ('870111/1234','6','2,5',null,to_date('15.01.24','DD.MM.RR'));
Insert into JURIK2.HODNOTENIE (ZAKAZNIK_ROD_CISLO,FILM_ID_FILMU,POCET_HVIEZDICIEK,RECENZIA,DATUM_HODNOTENIA) values ('935616/6789','44','3,6',null,to_date('31.03.23','DD.MM.RR'));
Insert into JURIK2.HODNOTENIE (ZAKAZNIK_ROD_CISLO,FILM_ID_FILMU,POCET_HVIEZDICIEK,RECENZIA,DATUM_HODNOTENIA) values ('860707/7890','38','3,6','Dalo sa to pozerať.',to_date('08.06.23','DD.MM.RR'));
Insert into JURIK2.HODNOTENIE (ZAKAZNIK_ROD_CISLO,FILM_ID_FILMU,POCET_HVIEZDICIEK,RECENZIA,DATUM_HODNOTENIA) values ('925202/2345','34','3,6','Slabý scenár.',to_date('08.03.23','DD.MM.RR'));
Insert into JURIK2.HODNOTENIE (ZAKAZNIK_ROD_CISLO,FILM_ID_FILMU,POCET_HVIEZDICIEK,RECENZIA,DATUM_HODNOTENIA) values ('850909/9012','13','0,9','Zábavné a pútavé.',to_date('25.04.23','DD.MM.RR'));
Insert into JURIK2.HODNOTENIE (ZAKAZNIK_ROD_CISLO,FILM_ID_FILMU,POCET_HVIEZDICIEK,RECENZIA,DATUM_HODNOTENIA) values ('860707/7890','15','3,7','Klasika, vždy poteší.',to_date('14.08.23','DD.MM.RR'));
Insert into JURIK2.HODNOTENIE (ZAKAZNIK_ROD_CISLO,FILM_ID_FILMU,POCET_HVIEZDICIEK,RECENZIA,DATUM_HODNOTENIA) values ('925202/2345','5','1,2',null,to_date('10.04.24','DD.MM.RR'));
Insert into JURIK2.HODNOTENIE (ZAKAZNIK_ROD_CISLO,FILM_ID_FILMU,POCET_HVIEZDICIEK,RECENZIA,DATUM_HODNOTENIA) values ('880313/3456','15','4,4','Klasika, vždy poteší.',to_date('29.10.23','DD.MM.RR'));
Insert into JURIK2.HODNOTENIE (ZAKAZNIK_ROD_CISLO,FILM_ID_FILMU,POCET_HVIEZDICIEK,RECENZIA,DATUM_HODNOTENIA) values ('925202/2345','26','3,6',null,to_date('01.07.23','DD.MM.RR'));
Insert into JURIK2.HODNOTENIE (ZAKAZNIK_ROD_CISLO,FILM_ID_FILMU,POCET_HVIEZDICIEK,RECENZIA,DATUM_HODNOTENIA) values ('890515/5678','29','2,5','Dalo sa to pozerať.',to_date('12.07.23','DD.MM.RR'));
Insert into JURIK2.HODNOTENIE (ZAKAZNIK_ROD_CISLO,FILM_ID_FILMU,POCET_HVIEZDICIEK,RECENZIA,DATUM_HODNOTENIA) values ('905010/0123','32','1,2',null,to_date('16.10.23','DD.MM.RR'));
Insert into JURIK2.HODNOTENIE (ZAKAZNIK_ROD_CISLO,FILM_ID_FILMU,POCET_HVIEZDICIEK,RECENZIA,DATUM_HODNOTENIA) values ('925222/2345','12','4,7',null,to_date('03.05.24','DD.MM.RR'));
Insert into JURIK2.HODNOTENIE (ZAKAZNIK_ROD_CISLO,FILM_ID_FILMU,POCET_HVIEZDICIEK,RECENZIA,DATUM_HODNOTENIA) values ('840525/5678','42','3,2',null,to_date('23.07.23','DD.MM.RR'));
Insert into JURIK2.HODNOTENIE (ZAKAZNIK_ROD_CISLO,FILM_ID_FILMU,POCET_HVIEZDICIEK,RECENZIA,DATUM_HODNOTENIA) values ('850909/9012','1','4,3',null,to_date('04.05.23','DD.MM.RR'));
Insert into JURIK2.HODNOTENIE (ZAKAZNIK_ROD_CISLO,FILM_ID_FILMU,POCET_HVIEZDICIEK,RECENZIA,DATUM_HODNOTENIA) values ('935808/8901','26','3,5','Výborný film!',to_date('13.07.24','DD.MM.RR'));
Insert into JURIK2.HODNOTENIE (ZAKAZNIK_ROD_CISLO,FILM_ID_FILMU,POCET_HVIEZDICIEK,RECENZIA,DATUM_HODNOTENIA) values ('925202/2345','24','3,9',null,to_date('06.10.23','DD.MM.RR'));
Insert into JURIK2.HODNOTENIE (ZAKAZNIK_ROD_CISLO,FILM_ID_FILMU,POCET_HVIEZDICIEK,RECENZIA,DATUM_HODNOTENIA) values ('860919/9012','43','3,4','Dalo sa to pozerať.',to_date('18.10.23','DD.MM.RR'));
Insert into JURIK2.HODNOTENIE (ZAKAZNIK_ROD_CISLO,FILM_ID_FILMU,POCET_HVIEZDICIEK,RECENZIA,DATUM_HODNOTENIA) values ('935808/8901','17','3,7',null,to_date('23.07.24','DD.MM.RR'));
Insert into JURIK2.HODNOTENIE (ZAKAZNIK_ROD_CISLO,FILM_ID_FILMU,POCET_HVIEZDICIEK,RECENZIA,DATUM_HODNOTENIA) values ('935616/6789','40','4,4','Výborný film!',to_date('14.12.24','DD.MM.RR'));
Insert into JURIK2.HODNOTENIE (ZAKAZNIK_ROD_CISLO,FILM_ID_FILMU,POCET_HVIEZDICIEK,RECENZIA,DATUM_HODNOTENIA) values ('925202/2345','30','4,8',null,to_date('11.11.24','DD.MM.RR'));
Insert into JURIK2.HODNOTENIE (ZAKAZNIK_ROD_CISLO,FILM_ID_FILMU,POCET_HVIEZDICIEK,RECENZIA,DATUM_HODNOTENIA) values ('875920/0123','27','4,2',null,to_date('26.09.24','DD.MM.RR'));
Insert into JURIK2.HODNOTENIE (ZAKAZNIK_ROD_CISLO,FILM_ID_FILMU,POCET_HVIEZDICIEK,RECENZIA,DATUM_HODNOTENIA) values ('925222/2345','7','3,4',null,to_date('03.12.23','DD.MM.RR'));
Insert into JURIK2.HODNOTENIE (ZAKAZNIK_ROD_CISLO,FILM_ID_FILMU,POCET_HVIEZDICIEK,RECENZIA,DATUM_HODNOTENIA) values ('935808/8901','4','2,7','Top 10 čo som videl.',to_date('16.06.24','DD.MM.RR'));
Insert into JURIK2.HODNOTENIE (ZAKAZNIK_ROD_CISLO,FILM_ID_FILMU,POCET_HVIEZDICIEK,RECENZIA,DATUM_HODNOTENIA) values ('935808/8901','6','3,5',null,to_date('05.04.23','DD.MM.RR'));
Insert into JURIK2.HODNOTENIE (ZAKAZNIK_ROD_CISLO,FILM_ID_FILMU,POCET_HVIEZDICIEK,RECENZIA,DATUM_HODNOTENIA) values ('935808/8901','5','3,9',null,to_date('27.04.24','DD.MM.RR'));
Insert into JURIK2.HODNOTENIE (ZAKAZNIK_ROD_CISLO,FILM_ID_FILMU,POCET_HVIEZDICIEK,RECENZIA,DATUM_HODNOTENIA) values ('905010/0123','42','3,4',null,to_date('15.06.24','DD.MM.RR'));
Insert into JURIK2.HODNOTENIE (ZAKAZNIK_ROD_CISLO,FILM_ID_FILMU,POCET_HVIEZDICIEK,RECENZIA,DATUM_HODNOTENIA) values ('935808/8901','35','2,7',null,to_date('22.12.23','DD.MM.RR'));
REM INSERTING into JURIK2.KINO
SET DEFINE OFF;
Insert into JURIK2.KINO (ID_KINA,NAZOV_KINA,ADRESA,POCET_SAL) values ('1','Kino Centrál','Hlavná 12, Bratislava','5');
Insert into JURIK2.KINO (ID_KINA,NAZOV_KINA,ADRESA,POCET_SAL) values ('2','Kino Dúha','Námestie SNP 7, Košice','4');
Insert into JURIK2.KINO (ID_KINA,NAZOV_KINA,ADRESA,POCET_SAL) values ('3','Kino Mier','Trieda 1. mája 45, Prešov','3');
Insert into JURIK2.KINO (ID_KINA,NAZOV_KINA,ADRESA,POCET_SAL) values ('4','Kino Slovan','Štefánikova 21, Nitra','6');
Insert into JURIK2.KINO (ID_KINA,NAZOV_KINA,ADRESA,POCET_SAL) values ('5','Kino Luxor','Obchodná 3, Bratislava','2');
Insert into JURIK2.KINO (ID_KINA,NAZOV_KINA,ADRESA,POCET_SAL) values ('6','Kino Tatran','Hviezdoslavova 18, Žilina','5');
Insert into JURIK2.KINO (ID_KINA,NAZOV_KINA,ADRESA,POCET_SAL) values ('7','Kino Panorama','Nábrežná 10, Trenčín','4');
REM INSERTING into JURIK2.KONTAKTY
SET DEFINE OFF;
Insert into JURIK2.KONTAKTY (TYP_KONTAKTU,HODNOTA_KONTAKTU,ID_KONTAKTU,ZAKAZNIK_ROD_CISLO,KINO_ID_KINA,ZAMESTNANEC_ROD_CISLO) values ('E','central@kino.sk','1',null,'1',null);
Insert into JURIK2.KONTAKTY (TYP_KONTAKTU,HODNOTA_KONTAKTU,ID_KONTAKTU,ZAKAZNIK_ROD_CISLO,KINO_ID_KINA,ZAMESTNANEC_ROD_CISLO) values ('T','+421212345678','2',null,'1',null);
Insert into JURIK2.KONTAKTY (TYP_KONTAKTU,HODNOTA_KONTAKTU,ID_KONTAKTU,ZAKAZNIK_ROD_CISLO,KINO_ID_KINA,ZAMESTNANEC_ROD_CISLO) values ('E','duha@kino.sk','3',null,'2',null);
Insert into JURIK2.KONTAKTY (TYP_KONTAKTU,HODNOTA_KONTAKTU,ID_KONTAKTU,ZAKAZNIK_ROD_CISLO,KINO_ID_KINA,ZAMESTNANEC_ROD_CISLO) values ('T','+421552345678','4',null,'2',null);
Insert into JURIK2.KONTAKTY (TYP_KONTAKTU,HODNOTA_KONTAKTU,ID_KONTAKTU,ZAKAZNIK_ROD_CISLO,KINO_ID_KINA,ZAMESTNANEC_ROD_CISLO) values ('E','mier@kino.sk','5',null,'3',null);
Insert into JURIK2.KONTAKTY (TYP_KONTAKTU,HODNOTA_KONTAKTU,ID_KONTAKTU,ZAKAZNIK_ROD_CISLO,KINO_ID_KINA,ZAMESTNANEC_ROD_CISLO) values ('T','+421513456789','6',null,'3',null);
Insert into JURIK2.KONTAKTY (TYP_KONTAKTU,HODNOTA_KONTAKTU,ID_KONTAKTU,ZAKAZNIK_ROD_CISLO,KINO_ID_KINA,ZAMESTNANEC_ROD_CISLO) values ('E','slovan@kino.sk','7',null,'4',null);
Insert into JURIK2.KONTAKTY (TYP_KONTAKTU,HODNOTA_KONTAKTU,ID_KONTAKTU,ZAKAZNIK_ROD_CISLO,KINO_ID_KINA,ZAMESTNANEC_ROD_CISLO) values ('T','+421374567890','8',null,'4',null);
Insert into JURIK2.KONTAKTY (TYP_KONTAKTU,HODNOTA_KONTAKTU,ID_KONTAKTU,ZAKAZNIK_ROD_CISLO,KINO_ID_KINA,ZAMESTNANEC_ROD_CISLO) values ('E','luxor@kino.sk','9',null,'5',null);
Insert into JURIK2.KONTAKTY (TYP_KONTAKTU,HODNOTA_KONTAKTU,ID_KONTAKTU,ZAKAZNIK_ROD_CISLO,KINO_ID_KINA,ZAMESTNANEC_ROD_CISLO) values ('T','+421256789012','10',null,'5',null);
Insert into JURIK2.KONTAKTY (TYP_KONTAKTU,HODNOTA_KONTAKTU,ID_KONTAKTU,ZAKAZNIK_ROD_CISLO,KINO_ID_KINA,ZAMESTNANEC_ROD_CISLO) values ('E','tatran@kino.sk','11',null,'6',null);
Insert into JURIK2.KONTAKTY (TYP_KONTAKTU,HODNOTA_KONTAKTU,ID_KONTAKTU,ZAKAZNIK_ROD_CISLO,KINO_ID_KINA,ZAMESTNANEC_ROD_CISLO) values ('T','+421416789012','12',null,'6',null);
Insert into JURIK2.KONTAKTY (TYP_KONTAKTU,HODNOTA_KONTAKTU,ID_KONTAKTU,ZAKAZNIK_ROD_CISLO,KINO_ID_KINA,ZAMESTNANEC_ROD_CISLO) values ('E','panorama@kino.sk','13',null,'7',null);
Insert into JURIK2.KONTAKTY (TYP_KONTAKTU,HODNOTA_KONTAKTU,ID_KONTAKTU,ZAKAZNIK_ROD_CISLO,KINO_ID_KINA,ZAMESTNANEC_ROD_CISLO) values ('T','+421327890123','14',null,'7',null);
Insert into JURIK2.KONTAKTY (TYP_KONTAKTU,HODNOTA_KONTAKTU,ID_KONTAKTU,ZAKAZNIK_ROD_CISLO,KINO_ID_KINA,ZAMESTNANEC_ROD_CISLO) values ('E','jan.novak@email.sk','15','850101/1234',null,null);
Insert into JURIK2.KONTAKTY (TYP_KONTAKTU,HODNOTA_KONTAKTU,ID_KONTAKTU,ZAKAZNIK_ROD_CISLO,KINO_ID_KINA,ZAMESTNANEC_ROD_CISLO) values ('T','+421900111001','16','850101/1234',null,null);
Insert into JURIK2.KONTAKTY (TYP_KONTAKTU,HODNOTA_KONTAKTU,ID_KONTAKTU,ZAKAZNIK_ROD_CISLO,KINO_ID_KINA,ZAMESTNANEC_ROD_CISLO) values ('E','petra.kovacova@email.sk','17','925202/2345',null,null);
Insert into JURIK2.KONTAKTY (TYP_KONTAKTU,HODNOTA_KONTAKTU,ID_KONTAKTU,ZAKAZNIK_ROD_CISLO,KINO_ID_KINA,ZAMESTNANEC_ROD_CISLO) values ('T','+421900222002','18','925202/2345',null,null);
Insert into JURIK2.KONTAKTY (TYP_KONTAKTU,HODNOTA_KONTAKTU,ID_KONTAKTU,ZAKAZNIK_ROD_CISLO,KINO_ID_KINA,ZAMESTNANEC_ROD_CISLO) values ('E','martin.horvath@email.sk','19','870303/3456',null,null);
Insert into JURIK2.KONTAKTY (TYP_KONTAKTU,HODNOTA_KONTAKTU,ID_KONTAKTU,ZAKAZNIK_ROD_CISLO,KINO_ID_KINA,ZAMESTNANEC_ROD_CISLO) values ('T','+421900333003','20','870303/3456',null,null);
Insert into JURIK2.KONTAKTY (TYP_KONTAKTU,HODNOTA_KONTAKTU,ID_KONTAKTU,ZAKAZNIK_ROD_CISLO,KINO_ID_KINA,ZAMESTNANEC_ROD_CISLO) values ('E','lucia.szaboova@email.sk','21','905404/4567',null,null);
Insert into JURIK2.KONTAKTY (TYP_KONTAKTU,HODNOTA_KONTAKTU,ID_KONTAKTU,ZAKAZNIK_ROD_CISLO,KINO_ID_KINA,ZAMESTNANEC_ROD_CISLO) values ('E','peter.klein@email.sk','22','810505/5678',null,null);
Insert into JURIK2.KONTAKTY (TYP_KONTAKTU,HODNOTA_KONTAKTU,ID_KONTAKTU,ZAKAZNIK_ROD_CISLO,KINO_ID_KINA,ZAMESTNANEC_ROD_CISLO) values ('T','+421900555005','23','810505/5678',null,null);
Insert into JURIK2.KONTAKTY (TYP_KONTAKTU,HODNOTA_KONTAKTU,ID_KONTAKTU,ZAKAZNIK_ROD_CISLO,KINO_ID_KINA,ZAMESTNANEC_ROD_CISLO) values ('E','eva.balazova@email.sk','24','896606/6789',null,null);
Insert into JURIK2.KONTAKTY (TYP_KONTAKTU,HODNOTA_KONTAKTU,ID_KONTAKTU,ZAKAZNIK_ROD_CISLO,KINO_ID_KINA,ZAMESTNANEC_ROD_CISLO) values ('T','+421900666006','25','896606/6789',null,null);
Insert into JURIK2.KONTAKTY (TYP_KONTAKTU,HODNOTA_KONTAKTU,ID_KONTAKTU,ZAKAZNIK_ROD_CISLO,KINO_ID_KINA,ZAMESTNANEC_ROD_CISLO) values ('E','tomas.simek@email.sk','26','860707/7890',null,null);
Insert into JURIK2.KONTAKTY (TYP_KONTAKTU,HODNOTA_KONTAKTU,ID_KONTAKTU,ZAKAZNIK_ROD_CISLO,KINO_ID_KINA,ZAMESTNANEC_ROD_CISLO) values ('T','+421900777007','27','860707/7890',null,null);
Insert into JURIK2.KONTAKTY (TYP_KONTAKTU,HODNOTA_KONTAKTU,ID_KONTAKTU,ZAKAZNIK_ROD_CISLO,KINO_ID_KINA,ZAMESTNANEC_ROD_CISLO) values ('E','andrea.vargova@email.sk','28','935808/8901',null,null);
Insert into JURIK2.KONTAKTY (TYP_KONTAKTU,HODNOTA_KONTAKTU,ID_KONTAKTU,ZAKAZNIK_ROD_CISLO,KINO_ID_KINA,ZAMESTNANEC_ROD_CISLO) values ('E','marek.urban@email.sk','29','850909/9012',null,null);
Insert into JURIK2.KONTAKTY (TYP_KONTAKTU,HODNOTA_KONTAKTU,ID_KONTAKTU,ZAKAZNIK_ROD_CISLO,KINO_ID_KINA,ZAMESTNANEC_ROD_CISLO) values ('T','+421900999009','30','850909/9012',null,null);
Insert into JURIK2.KONTAKTY (TYP_KONTAKTU,HODNOTA_KONTAKTU,ID_KONTAKTU,ZAKAZNIK_ROD_CISLO,KINO_ID_KINA,ZAMESTNANEC_ROD_CISLO) values ('E','simona.mikusova@email.sk','31','905010/0123',null,null);
Insert into JURIK2.KONTAKTY (TYP_KONTAKTU,HODNOTA_KONTAKTU,ID_KONTAKTU,ZAKAZNIK_ROD_CISLO,KINO_ID_KINA,ZAMESTNANEC_ROD_CISLO) values ('T','+421901010010','32','905010/0123',null,null);
Insert into JURIK2.KONTAKTY (TYP_KONTAKTU,HODNOTA_KONTAKTU,ID_KONTAKTU,ZAKAZNIK_ROD_CISLO,KINO_ID_KINA,ZAMESTNANEC_ROD_CISLO) values ('E','roman.toth@email.sk','33','870111/1234',null,null);
Insert into JURIK2.KONTAKTY (TYP_KONTAKTU,HODNOTA_KONTAKTU,ID_KONTAKTU,ZAKAZNIK_ROD_CISLO,KINO_ID_KINA,ZAMESTNANEC_ROD_CISLO) values ('E','veronika.danihelova@email.sk','34','955212/2345',null,null);
Insert into JURIK2.KONTAKTY (TYP_KONTAKTU,HODNOTA_KONTAKTU,ID_KONTAKTU,ZAKAZNIK_ROD_CISLO,KINO_ID_KINA,ZAMESTNANEC_ROD_CISLO) values ('T','+421902222002','35','955212/2345',null,null);
Insert into JURIK2.KONTAKTY (TYP_KONTAKTU,HODNOTA_KONTAKTU,ID_KONTAKTU,ZAKAZNIK_ROD_CISLO,KINO_ID_KINA,ZAMESTNANEC_ROD_CISLO) values ('E','jakub.kral@email.sk','36','880313/3456',null,null);
Insert into JURIK2.KONTAKTY (TYP_KONTAKTU,HODNOTA_KONTAKTU,ID_KONTAKTU,ZAKAZNIK_ROD_CISLO,KINO_ID_KINA,ZAMESTNANEC_ROD_CISLO) values ('E','katarina.hruskova@email.sk','37','945414/4567',null,null);
Insert into JURIK2.KONTAKTY (TYP_KONTAKTU,HODNOTA_KONTAKTU,ID_KONTAKTU,ZAKAZNIK_ROD_CISLO,KINO_ID_KINA,ZAMESTNANEC_ROD_CISLO) values ('T','+421902444004','38','945414/4567',null,null);
Insert into JURIK2.KONTAKTY (TYP_KONTAKTU,HODNOTA_KONTAKTU,ID_KONTAKTU,ZAKAZNIK_ROD_CISLO,KINO_ID_KINA,ZAMESTNANEC_ROD_CISLO) values ('E','erik.molnar@email.sk','39','890515/5678',null,null);
Insert into JURIK2.KONTAKTY (TYP_KONTAKTU,HODNOTA_KONTAKTU,ID_KONTAKTU,ZAKAZNIK_ROD_CISLO,KINO_ID_KINA,ZAMESTNANEC_ROD_CISLO) values ('E','barbora.benova@email.sk','40','935616/6789',null,null);
Insert into JURIK2.KONTAKTY (TYP_KONTAKTU,HODNOTA_KONTAKTU,ID_KONTAKTU,ZAKAZNIK_ROD_CISLO,KINO_ID_KINA,ZAMESTNANEC_ROD_CISLO) values ('E','dominik.farkas@email.sk','41','800717/7890',null,null);
Insert into JURIK2.KONTAKTY (TYP_KONTAKTU,HODNOTA_KONTAKTU,ID_KONTAKTU,ZAKAZNIK_ROD_CISLO,KINO_ID_KINA,ZAMESTNANEC_ROD_CISLO) values ('E','zuzana.polakova@email.sk','42','955818/8901',null,null);
Insert into JURIK2.KONTAKTY (TYP_KONTAKTU,HODNOTA_KONTAKTU,ID_KONTAKTU,ZAKAZNIK_ROD_CISLO,KINO_ID_KINA,ZAMESTNANEC_ROD_CISLO) values ('T','+421902888008','43','955818/8901',null,null);
Insert into JURIK2.KONTAKTY (TYP_KONTAKTU,HODNOTA_KONTAKTU,ID_KONTAKTU,ZAKAZNIK_ROD_CISLO,KINO_ID_KINA,ZAMESTNANEC_ROD_CISLO) values ('E','michal.gregor@email.sk','44','860919/9012',null,null);
Insert into JURIK2.KONTAKTY (TYP_KONTAKTU,HODNOTA_KONTAKTU,ID_KONTAKTU,ZAKAZNIK_ROD_CISLO,KINO_ID_KINA,ZAMESTNANEC_ROD_CISLO) values ('T','+421902999009','45','860919/9012',null,null);
Insert into JURIK2.KONTAKTY (TYP_KONTAKTU,HODNOTA_KONTAKTU,ID_KONTAKTU,ZAKAZNIK_ROD_CISLO,KINO_ID_KINA,ZAMESTNANEC_ROD_CISLO) values ('E','alena.jurikova@email.sk','46','875920/0123',null,null);
Insert into JURIK2.KONTAKTY (TYP_KONTAKTU,HODNOTA_KONTAKTU,ID_KONTAKTU,ZAKAZNIK_ROD_CISLO,KINO_ID_KINA,ZAMESTNANEC_ROD_CISLO) values ('E','igor.racz@email.sk','47','910121/1234',null,null);
Insert into JURIK2.KONTAKTY (TYP_KONTAKTU,HODNOTA_KONTAKTU,ID_KONTAKTU,ZAKAZNIK_ROD_CISLO,KINO_ID_KINA,ZAMESTNANEC_ROD_CISLO) values ('E','daniela.lisa@email.sk','48','925222/2345',null,null);
Insert into JURIK2.KONTAKTY (TYP_KONTAKTU,HODNOTA_KONTAKTU,ID_KONTAKTU,ZAKAZNIK_ROD_CISLO,KINO_ID_KINA,ZAMESTNANEC_ROD_CISLO) values ('T','+421903333003','49','925222/2345',null,null);
Insert into JURIK2.KONTAKTY (TYP_KONTAKTU,HODNOTA_KONTAKTU,ID_KONTAKTU,ZAKAZNIK_ROD_CISLO,KINO_ID_KINA,ZAMESTNANEC_ROD_CISLO) values ('E','vladimir.holub@email.sk','50','850323/3456',null,null);
Insert into JURIK2.KONTAKTY (TYP_KONTAKTU,HODNOTA_KONTAKTU,ID_KONTAKTU,ZAKAZNIK_ROD_CISLO,KINO_ID_KINA,ZAMESTNANEC_ROD_CISLO) values ('E','jozef.malik@kino.sk','51',null,null,'800101/1001');
Insert into JURIK2.KONTAKTY (TYP_KONTAKTU,HODNOTA_KONTAKTU,ID_KONTAKTU,ZAKAZNIK_ROD_CISLO,KINO_ID_KINA,ZAMESTNANEC_ROD_CISLO) values ('T','+421911100001','52',null,null,'800101/1001');
Insert into JURIK2.KONTAKTY (TYP_KONTAKTU,HODNOTA_KONTAKTU,ID_KONTAKTU,ZAKAZNIK_ROD_CISLO,KINO_ID_KINA,ZAMESTNANEC_ROD_CISLO) values ('E','ivana.svecova@kino.sk','53',null,null,'865503/2002');
Insert into JURIK2.KONTAKTY (TYP_KONTAKTU,HODNOTA_KONTAKTU,ID_KONTAKTU,ZAKAZNIK_ROD_CISLO,KINO_ID_KINA,ZAMESTNANEC_ROD_CISLO) values ('T','+421911200002','54',null,null,'865503/2002');
Insert into JURIK2.KONTAKTY (TYP_KONTAKTU,HODNOTA_KONTAKTU,ID_KONTAKTU,ZAKAZNIK_ROD_CISLO,KINO_ID_KINA,ZAMESTNANEC_ROD_CISLO) values ('E','richard.cierny@kino.sk','55',null,null,'790303/3003');
Insert into JURIK2.KONTAKTY (TYP_KONTAKTU,HODNOTA_KONTAKTU,ID_KONTAKTU,ZAKAZNIK_ROD_CISLO,KINO_ID_KINA,ZAMESTNANEC_ROD_CISLO) values ('E','lenka.hola@kino.sk','56',null,null,'905504/4004');
Insert into JURIK2.KONTAKTY (TYP_KONTAKTU,HODNOTA_KONTAKTU,ID_KONTAKTU,ZAKAZNIK_ROD_CISLO,KINO_ID_KINA,ZAMESTNANEC_ROD_CISLO) values ('T','+421911400004','57',null,null,'905504/4004');
Insert into JURIK2.KONTAKTY (TYP_KONTAKTU,HODNOTA_KONTAKTU,ID_KONTAKTU,ZAKAZNIK_ROD_CISLO,KINO_ID_KINA,ZAMESTNANEC_ROD_CISLO) values ('E','andrej.bielik@kino.sk','58',null,null,'820404/5005');
Insert into JURIK2.KONTAKTY (TYP_KONTAKTU,HODNOTA_KONTAKTU,ID_KONTAKTU,ZAKAZNIK_ROD_CISLO,KINO_ID_KINA,ZAMESTNANEC_ROD_CISLO) values ('E','michaela.jancova@kino.sk','59',null,null,'915605/6006');
Insert into JURIK2.KONTAKTY (TYP_KONTAKTU,HODNOTA_KONTAKTU,ID_KONTAKTU,ZAKAZNIK_ROD_CISLO,KINO_ID_KINA,ZAMESTNANEC_ROD_CISLO) values ('T','+421911600006','60',null,null,'915605/6006');
Insert into JURIK2.KONTAKTY (TYP_KONTAKTU,HODNOTA_KONTAKTU,ID_KONTAKTU,ZAKAZNIK_ROD_CISLO,KINO_ID_KINA,ZAMESTNANEC_ROD_CISLO) values ('E','stefan.rybar@kino.sk','61',null,null,'831207/7007');
Insert into JURIK2.KONTAKTY (TYP_KONTAKTU,HODNOTA_KONTAKTU,ID_KONTAKTU,ZAKAZNIK_ROD_CISLO,KINO_ID_KINA,ZAMESTNANEC_ROD_CISLO) values ('E','kristina.majerova@kino.sk','62',null,null,'905808/8008');
Insert into JURIK2.KONTAKTY (TYP_KONTAKTU,HODNOTA_KONTAKTU,ID_KONTAKTU,ZAKAZNIK_ROD_CISLO,KINO_ID_KINA,ZAMESTNANEC_ROD_CISLO) values ('E','lukas.gregor@kino.sk','63',null,null,'900109/9009');
Insert into JURIK2.KONTAKTY (TYP_KONTAKTU,HODNOTA_KONTAKTU,ID_KONTAKTU,ZAKAZNIK_ROD_CISLO,KINO_ID_KINA,ZAMESTNANEC_ROD_CISLO) values ('T','+421911900009','64',null,null,'900109/9009');
Insert into JURIK2.KONTAKTY (TYP_KONTAKTU,HODNOTA_KONTAKTU,ID_KONTAKTU,ZAKAZNIK_ROD_CISLO,KINO_ID_KINA,ZAMESTNANEC_ROD_CISLO) values ('E','zuzana.olivova@kino.sk','65',null,null,'925910/1010');
Insert into JURIK2.KONTAKTY (TYP_KONTAKTU,HODNOTA_KONTAKTU,ID_KONTAKTU,ZAKAZNIK_ROD_CISLO,KINO_ID_KINA,ZAMESTNANEC_ROD_CISLO) values ('E','karol.stefanik@kino.sk','66',null,null,'850510/1111');
Insert into JURIK2.KONTAKTY (TYP_KONTAKTU,HODNOTA_KONTAKTU,ID_KONTAKTU,ZAKAZNIK_ROD_CISLO,KINO_ID_KINA,ZAMESTNANEC_ROD_CISLO) values ('E','beata.hrivnakova@kino.sk','67',null,null,'895611/1212');
Insert into JURIK2.KONTAKTY (TYP_KONTAKTU,HODNOTA_KONTAKTU,ID_KONTAKTU,ZAKAZNIK_ROD_CISLO,KINO_ID_KINA,ZAMESTNANEC_ROD_CISLO) values ('E','adam.kosican@kino.sk','68',null,null,'870711/1313');
Insert into JURIK2.KONTAKTY (TYP_KONTAKTU,HODNOTA_KONTAKTU,ID_KONTAKTU,ZAKAZNIK_ROD_CISLO,KINO_ID_KINA,ZAMESTNANEC_ROD_CISLO) values ('T','+421913131313','69',null,null,'870711/1313');
Insert into JURIK2.KONTAKTY (TYP_KONTAKTU,HODNOTA_KONTAKTU,ID_KONTAKTU,ZAKAZNIK_ROD_CISLO,KINO_ID_KINA,ZAMESTNANEC_ROD_CISLO) values ('E','alzbeta.rudavska@kino.sk','70',null,null,'935812/1414');
REM INSERTING into JURIK2.PREDANE_LISTKY
SET DEFINE OFF;
Insert into JURIK2.PREDANE_LISTKY (PLATOBNA_METODA,PREMIETANIE_FILM_ID_FILMU,PREMIETANIE_KINO_ID_KINA,PREMIETANIE_PREMIETANIE_CAS,ZAKAZNIK_ROD_CISLO,"ZAPLATENÁ_CENA_LÍSTKA") values ('K','48','5',to_date('11.05.25','DD.MM.RR'),'905404/4567','3,03');
Insert into JURIK2.PREDANE_LISTKY (PLATOBNA_METODA,PREMIETANIE_FILM_ID_FILMU,PREMIETANIE_KINO_ID_KINA,PREMIETANIE_PREMIETANIE_CAS,ZAKAZNIK_ROD_CISLO,"ZAPLATENÁ_CENA_LÍSTKA") values ('K','33','2',to_date('10.05.25','DD.MM.RR'),'810505/5678','9,47');
Insert into JURIK2.PREDANE_LISTKY (PLATOBNA_METODA,PREMIETANIE_FILM_ID_FILMU,PREMIETANIE_KINO_ID_KINA,PREMIETANIE_PREMIETANIE_CAS,ZAKAZNIK_ROD_CISLO,"ZAPLATENÁ_CENA_LÍSTKA") values ('H','5','4',to_date('10.05.25','DD.MM.RR'),'925222/2345','3,62');
Insert into JURIK2.PREDANE_LISTKY (PLATOBNA_METODA,PREMIETANIE_FILM_ID_FILMU,PREMIETANIE_KINO_ID_KINA,PREMIETANIE_PREMIETANIE_CAS,ZAKAZNIK_ROD_CISLO,"ZAPLATENÁ_CENA_LÍSTKA") values ('K','42','6',to_date('11.05.25','DD.MM.RR'),'800717/7890','5,62');
Insert into JURIK2.PREDANE_LISTKY (PLATOBNA_METODA,PREMIETANIE_FILM_ID_FILMU,PREMIETANIE_KINO_ID_KINA,PREMIETANIE_PREMIETANIE_CAS,ZAKAZNIK_ROD_CISLO,"ZAPLATENÁ_CENA_LÍSTKA") values ('O','44','4',to_date('10.05.25','DD.MM.RR'),'910121/1234','3,91');
Insert into JURIK2.PREDANE_LISTKY (PLATOBNA_METODA,PREMIETANIE_FILM_ID_FILMU,PREMIETANIE_KINO_ID_KINA,PREMIETANIE_PREMIETANIE_CAS,ZAKAZNIK_ROD_CISLO,"ZAPLATENÁ_CENA_LÍSTKA") values ('H','41','5',to_date('10.05.25','DD.MM.RR'),'850323/3456','7,95');
Insert into JURIK2.PREDANE_LISTKY (PLATOBNA_METODA,PREMIETANIE_FILM_ID_FILMU,PREMIETANIE_KINO_ID_KINA,PREMIETANIE_PREMIETANIE_CAS,ZAKAZNIK_ROD_CISLO,"ZAPLATENÁ_CENA_LÍSTKA") values ('O','11','2',to_date('11.05.25','DD.MM.RR'),'935808/8901','5,52');
Insert into JURIK2.PREDANE_LISTKY (PLATOBNA_METODA,PREMIETANIE_FILM_ID_FILMU,PREMIETANIE_KINO_ID_KINA,PREMIETANIE_PREMIETANIE_CAS,ZAKAZNIK_ROD_CISLO,"ZAPLATENÁ_CENA_LÍSTKA") values ('K','30','6',to_date('10.05.25','DD.MM.RR'),'800717/7890','7,18');
Insert into JURIK2.PREDANE_LISTKY (PLATOBNA_METODA,PREMIETANIE_FILM_ID_FILMU,PREMIETANIE_KINO_ID_KINA,PREMIETANIE_PREMIETANIE_CAS,ZAKAZNIK_ROD_CISLO,"ZAPLATENÁ_CENA_LÍSTKA") values ('O','17','3',to_date('11.05.25','DD.MM.RR'),'895828/8901','5,92');
Insert into JURIK2.PREDANE_LISTKY (PLATOBNA_METODA,PREMIETANIE_FILM_ID_FILMU,PREMIETANIE_KINO_ID_KINA,PREMIETANIE_PREMIETANIE_CAS,ZAKAZNIK_ROD_CISLO,"ZAPLATENÁ_CENA_LÍSTKA") values ('H','35','6',to_date('11.05.25','DD.MM.RR'),'900030/0123','9,63');
Insert into JURIK2.PREDANE_LISTKY (PLATOBNA_METODA,PREMIETANIE_FILM_ID_FILMU,PREMIETANIE_KINO_ID_KINA,PREMIETANIE_PREMIETANIE_CAS,ZAKAZNIK_ROD_CISLO,"ZAPLATENÁ_CENA_LÍSTKA") values ('O','41','5',to_date('10.05.25','DD.MM.RR'),'945414/4567','7,08');
Insert into JURIK2.PREDANE_LISTKY (PLATOBNA_METODA,PREMIETANIE_FILM_ID_FILMU,PREMIETANIE_KINO_ID_KINA,PREMIETANIE_PREMIETANIE_CAS,ZAKAZNIK_ROD_CISLO,"ZAPLATENÁ_CENA_LÍSTKA") values ('O','46','6',to_date('11.05.25','DD.MM.RR'),'860919/9012','4,61');
Insert into JURIK2.PREDANE_LISTKY (PLATOBNA_METODA,PREMIETANIE_FILM_ID_FILMU,PREMIETANIE_KINO_ID_KINA,PREMIETANIE_PREMIETANIE_CAS,ZAKAZNIK_ROD_CISLO,"ZAPLATENÁ_CENA_LÍSTKA") values ('H','36','7',to_date('11.05.25','DD.MM.RR'),'955212/2345','3,79');
Insert into JURIK2.PREDANE_LISTKY (PLATOBNA_METODA,PREMIETANIE_FILM_ID_FILMU,PREMIETANIE_KINO_ID_KINA,PREMIETANIE_PREMIETANIE_CAS,ZAKAZNIK_ROD_CISLO,"ZAPLATENÁ_CENA_LÍSTKA") values ('K','15','4',to_date('11.05.25','DD.MM.RR'),'935616/6789','9,82');
Insert into JURIK2.PREDANE_LISTKY (PLATOBNA_METODA,PREMIETANIE_FILM_ID_FILMU,PREMIETANIE_KINO_ID_KINA,PREMIETANIE_PREMIETANIE_CAS,ZAKAZNIK_ROD_CISLO,"ZAPLATENÁ_CENA_LÍSTKA") values ('H','29','5',to_date('11.05.25','DD.MM.RR'),'840525/5678','8,71');
Insert into JURIK2.PREDANE_LISTKY (PLATOBNA_METODA,PREMIETANIE_FILM_ID_FILMU,PREMIETANIE_KINO_ID_KINA,PREMIETANIE_PREMIETANIE_CAS,ZAKAZNIK_ROD_CISLO,"ZAPLATENÁ_CENA_LÍSTKA") values ('O','2','7',to_date('10.05.25','DD.MM.RR'),'925202/2345','3,12');
Insert into JURIK2.PREDANE_LISTKY (PLATOBNA_METODA,PREMIETANIE_FILM_ID_FILMU,PREMIETANIE_KINO_ID_KINA,PREMIETANIE_PREMIETANIE_CAS,ZAKAZNIK_ROD_CISLO,"ZAPLATENÁ_CENA_LÍSTKA") values ('K','26','2',to_date('10.05.25','DD.MM.RR'),'850101/1234','8,01');
Insert into JURIK2.PREDANE_LISTKY (PLATOBNA_METODA,PREMIETANIE_FILM_ID_FILMU,PREMIETANIE_KINO_ID_KINA,PREMIETANIE_PREMIETANIE_CAS,ZAKAZNIK_ROD_CISLO,"ZAPLATENÁ_CENA_LÍSTKA") values ('K','32','5',to_date('11.05.25','DD.MM.RR'),'900030/0123','7,37');
Insert into JURIK2.PREDANE_LISTKY (PLATOBNA_METODA,PREMIETANIE_FILM_ID_FILMU,PREMIETANIE_KINO_ID_KINA,PREMIETANIE_PREMIETANIE_CAS,ZAKAZNIK_ROD_CISLO,"ZAPLATENÁ_CENA_LÍSTKA") values ('K','46','6',to_date('11.05.25','DD.MM.RR'),'945414/4567','8,46');
Insert into JURIK2.PREDANE_LISTKY (PLATOBNA_METODA,PREMIETANIE_FILM_ID_FILMU,PREMIETANIE_KINO_ID_KINA,PREMIETANIE_PREMIETANIE_CAS,ZAKAZNIK_ROD_CISLO,"ZAPLATENÁ_CENA_LÍSTKA") values ('K','27','1',to_date('10.05.25','DD.MM.RR'),'860707/7890','3,16');
Insert into JURIK2.PREDANE_LISTKY (PLATOBNA_METODA,PREMIETANIE_FILM_ID_FILMU,PREMIETANIE_KINO_ID_KINA,PREMIETANIE_PREMIETANIE_CAS,ZAKAZNIK_ROD_CISLO,"ZAPLATENÁ_CENA_LÍSTKA") values ('K','13','5',to_date('11.05.25','DD.MM.RR'),'955212/2345','6,69');
Insert into JURIK2.PREDANE_LISTKY (PLATOBNA_METODA,PREMIETANIE_FILM_ID_FILMU,PREMIETANIE_KINO_ID_KINA,PREMIETANIE_PREMIETANIE_CAS,ZAKAZNIK_ROD_CISLO,"ZAPLATENÁ_CENA_LÍSTKA") values ('O','48','5',to_date('11.05.25','DD.MM.RR'),'860707/7890','5,23');
Insert into JURIK2.PREDANE_LISTKY (PLATOBNA_METODA,PREMIETANIE_FILM_ID_FILMU,PREMIETANIE_KINO_ID_KINA,PREMIETANIE_PREMIETANIE_CAS,ZAKAZNIK_ROD_CISLO,"ZAPLATENÁ_CENA_LÍSTKA") values ('K','45','1',to_date('11.05.25','DD.MM.RR'),'935424/4567','4,49');
Insert into JURIK2.PREDANE_LISTKY (PLATOBNA_METODA,PREMIETANIE_FILM_ID_FILMU,PREMIETANIE_KINO_ID_KINA,PREMIETANIE_PREMIETANIE_CAS,ZAKAZNIK_ROD_CISLO,"ZAPLATENÁ_CENA_LÍSTKA") values ('H','49','2',to_date('10.05.25','DD.MM.RR'),'945414/4567','5,33');
Insert into JURIK2.PREDANE_LISTKY (PLATOBNA_METODA,PREMIETANIE_FILM_ID_FILMU,PREMIETANIE_KINO_ID_KINA,PREMIETANIE_PREMIETANIE_CAS,ZAKAZNIK_ROD_CISLO,"ZAPLATENÁ_CENA_LÍSTKA") values ('O','3','3',to_date('10.05.25','DD.MM.RR'),'945414/4567','9,77');
Insert into JURIK2.PREDANE_LISTKY (PLATOBNA_METODA,PREMIETANIE_FILM_ID_FILMU,PREMIETANIE_KINO_ID_KINA,PREMIETANIE_PREMIETANIE_CAS,ZAKAZNIK_ROD_CISLO,"ZAPLATENÁ_CENA_LÍSTKA") values ('H','50','1',to_date('12.05.25','DD.MM.RR'),'910121/1234','5,29');
Insert into JURIK2.PREDANE_LISTKY (PLATOBNA_METODA,PREMIETANIE_FILM_ID_FILMU,PREMIETANIE_KINO_ID_KINA,PREMIETANIE_PREMIETANIE_CAS,ZAKAZNIK_ROD_CISLO,"ZAPLATENÁ_CENA_LÍSTKA") values ('O','47','6',to_date('10.05.25','DD.MM.RR'),'880929/9012','9,15');
Insert into JURIK2.PREDANE_LISTKY (PLATOBNA_METODA,PREMIETANIE_FILM_ID_FILMU,PREMIETANIE_KINO_ID_KINA,PREMIETANIE_PREMIETANIE_CAS,ZAKAZNIK_ROD_CISLO,"ZAPLATENÁ_CENA_LÍSTKA") values ('H','44','4',to_date('10.05.25','DD.MM.RR'),'955818/8901','9,18');
Insert into JURIK2.PREDANE_LISTKY (PLATOBNA_METODA,PREMIETANIE_FILM_ID_FILMU,PREMIETANIE_KINO_ID_KINA,PREMIETANIE_PREMIETANIE_CAS,ZAKAZNIK_ROD_CISLO,"ZAPLATENÁ_CENA_LÍSTKA") values ('H','22','7',to_date('11.05.25','DD.MM.RR'),'860919/9012','4,9');
Insert into JURIK2.PREDANE_LISTKY (PLATOBNA_METODA,PREMIETANIE_FILM_ID_FILMU,PREMIETANIE_KINO_ID_KINA,PREMIETANIE_PREMIETANIE_CAS,ZAKAZNIK_ROD_CISLO,"ZAPLATENÁ_CENA_LÍSTKA") values ('H','26','2',to_date('10.05.25','DD.MM.RR'),'905404/4567','8,6');
Insert into JURIK2.PREDANE_LISTKY (PLATOBNA_METODA,PREMIETANIE_FILM_ID_FILMU,PREMIETANIE_KINO_ID_KINA,PREMIETANIE_PREMIETANIE_CAS,ZAKAZNIK_ROD_CISLO,"ZAPLATENÁ_CENA_LÍSTKA") values ('H','22','7',to_date('11.05.25','DD.MM.RR'),'800717/7890','3,16');
Insert into JURIK2.PREDANE_LISTKY (PLATOBNA_METODA,PREMIETANIE_FILM_ID_FILMU,PREMIETANIE_KINO_ID_KINA,PREMIETANIE_PREMIETANIE_CAS,ZAKAZNIK_ROD_CISLO,"ZAPLATENÁ_CENA_LÍSTKA") values ('H','36','7',to_date('11.05.25','DD.MM.RR'),'935616/6789','4,89');
Insert into JURIK2.PREDANE_LISTKY (PLATOBNA_METODA,PREMIETANIE_FILM_ID_FILMU,PREMIETANIE_KINO_ID_KINA,PREMIETANIE_PREMIETANIE_CAS,ZAKAZNIK_ROD_CISLO,"ZAPLATENÁ_CENA_LÍSTKA") values ('K','16','5',to_date('10.05.25','DD.MM.RR'),'925222/2345','7,87');
Insert into JURIK2.PREDANE_LISTKY (PLATOBNA_METODA,PREMIETANIE_FILM_ID_FILMU,PREMIETANIE_KINO_ID_KINA,PREMIETANIE_PREMIETANIE_CAS,ZAKAZNIK_ROD_CISLO,"ZAPLATENÁ_CENA_LÍSTKA") values ('H','37','1',to_date('11.05.25','DD.MM.RR'),'890515/5678','3,27');
Insert into JURIK2.PREDANE_LISTKY (PLATOBNA_METODA,PREMIETANIE_FILM_ID_FILMU,PREMIETANIE_KINO_ID_KINA,PREMIETANIE_PREMIETANIE_CAS,ZAKAZNIK_ROD_CISLO,"ZAPLATENÁ_CENA_LÍSTKA") values ('H','22','4',to_date('10.05.25','DD.MM.RR'),'880929/9012','6,94');
Insert into JURIK2.PREDANE_LISTKY (PLATOBNA_METODA,PREMIETANIE_FILM_ID_FILMU,PREMIETANIE_KINO_ID_KINA,PREMIETANIE_PREMIETANIE_CAS,ZAKAZNIK_ROD_CISLO,"ZAPLATENÁ_CENA_LÍSTKA") values ('O','50','1',to_date('12.05.25','DD.MM.RR'),'900030/0123','5,77');
Insert into JURIK2.PREDANE_LISTKY (PLATOBNA_METODA,PREMIETANIE_FILM_ID_FILMU,PREMIETANIE_KINO_ID_KINA,PREMIETANIE_PREMIETANIE_CAS,ZAKAZNIK_ROD_CISLO,"ZAPLATENÁ_CENA_LÍSTKA") values ('K','12','2',to_date('11.05.25','DD.MM.RR'),'935424/4567','7,11');
Insert into JURIK2.PREDANE_LISTKY (PLATOBNA_METODA,PREMIETANIE_FILM_ID_FILMU,PREMIETANIE_KINO_ID_KINA,PREMIETANIE_PREMIETANIE_CAS,ZAKAZNIK_ROD_CISLO,"ZAPLATENÁ_CENA_LÍSTKA") values ('K','17','3',to_date('11.05.25','DD.MM.RR'),'880313/3456','9,23');
Insert into JURIK2.PREDANE_LISTKY (PLATOBNA_METODA,PREMIETANIE_FILM_ID_FILMU,PREMIETANIE_KINO_ID_KINA,PREMIETANIE_PREMIETANIE_CAS,ZAKAZNIK_ROD_CISLO,"ZAPLATENÁ_CENA_LÍSTKA") values ('K','10','1',to_date('10.05.25','DD.MM.RR'),'890515/5678','7,82');
Insert into JURIK2.PREDANE_LISTKY (PLATOBNA_METODA,PREMIETANIE_FILM_ID_FILMU,PREMIETANIE_KINO_ID_KINA,PREMIETANIE_PREMIETANIE_CAS,ZAKAZNIK_ROD_CISLO,"ZAPLATENÁ_CENA_LÍSTKA") values ('O','45','1',to_date('11.05.25','DD.MM.RR'),'880929/9012','9,47');
Insert into JURIK2.PREDANE_LISTKY (PLATOBNA_METODA,PREMIETANIE_FILM_ID_FILMU,PREMIETANIE_KINO_ID_KINA,PREMIETANIE_PREMIETANIE_CAS,ZAKAZNIK_ROD_CISLO,"ZAPLATENÁ_CENA_LÍSTKA") values ('K','45','1',to_date('11.05.25','DD.MM.RR'),'905010/0123','6,86');
Insert into JURIK2.PREDANE_LISTKY (PLATOBNA_METODA,PREMIETANIE_FILM_ID_FILMU,PREMIETANIE_KINO_ID_KINA,PREMIETANIE_PREMIETANIE_CAS,ZAKAZNIK_ROD_CISLO,"ZAPLATENÁ_CENA_LÍSTKA") values ('H','25','4',to_date('10.05.25','DD.MM.RR'),'935616/6789','5,42');
Insert into JURIK2.PREDANE_LISTKY (PLATOBNA_METODA,PREMIETANIE_FILM_ID_FILMU,PREMIETANIE_KINO_ID_KINA,PREMIETANIE_PREMIETANIE_CAS,ZAKAZNIK_ROD_CISLO,"ZAPLATENÁ_CENA_LÍSTKA") values ('H','22','7',to_date('11.05.25','DD.MM.RR'),'860707/7890','4,14');
Insert into JURIK2.PREDANE_LISTKY (PLATOBNA_METODA,PREMIETANIE_FILM_ID_FILMU,PREMIETANIE_KINO_ID_KINA,PREMIETANIE_PREMIETANIE_CAS,ZAKAZNIK_ROD_CISLO,"ZAPLATENÁ_CENA_LÍSTKA") values ('O','10','1',to_date('10.05.25','DD.MM.RR'),'955212/2345','8,72');
Insert into JURIK2.PREDANE_LISTKY (PLATOBNA_METODA,PREMIETANIE_FILM_ID_FILMU,PREMIETANIE_KINO_ID_KINA,PREMIETANIE_PREMIETANIE_CAS,ZAKAZNIK_ROD_CISLO,"ZAPLATENÁ_CENA_LÍSTKA") values ('O','16','5',to_date('10.05.25','DD.MM.RR'),'905404/4567','9,27');
Insert into JURIK2.PREDANE_LISTKY (PLATOBNA_METODA,PREMIETANIE_FILM_ID_FILMU,PREMIETANIE_KINO_ID_KINA,PREMIETANIE_PREMIETANIE_CAS,ZAKAZNIK_ROD_CISLO,"ZAPLATENÁ_CENA_LÍSTKA") values ('K','7','2',to_date('11.05.25','DD.MM.RR'),'945414/4567','7,82');
Insert into JURIK2.PREDANE_LISTKY (PLATOBNA_METODA,PREMIETANIE_FILM_ID_FILMU,PREMIETANIE_KINO_ID_KINA,PREMIETANIE_PREMIETANIE_CAS,ZAKAZNIK_ROD_CISLO,"ZAPLATENÁ_CENA_LÍSTKA") values ('O','7','2',to_date('11.05.25','DD.MM.RR'),'890515/5678','5,88');
Insert into JURIK2.PREDANE_LISTKY (PLATOBNA_METODA,PREMIETANIE_FILM_ID_FILMU,PREMIETANIE_KINO_ID_KINA,PREMIETANIE_PREMIETANIE_CAS,ZAKAZNIK_ROD_CISLO,"ZAPLATENÁ_CENA_LÍSTKA") values ('H','25','4',to_date('10.05.25','DD.MM.RR'),'810505/5678','5,74');
Insert into JURIK2.PREDANE_LISTKY (PLATOBNA_METODA,PREMIETANIE_FILM_ID_FILMU,PREMIETANIE_KINO_ID_KINA,PREMIETANIE_PREMIETANIE_CAS,ZAKAZNIK_ROD_CISLO,"ZAPLATENÁ_CENA_LÍSTKA") values ('H','46','6',to_date('10.05.25','DD.MM.RR'),'840525/5678','9,8');
Insert into JURIK2.PREDANE_LISTKY (PLATOBNA_METODA,PREMIETANIE_FILM_ID_FILMU,PREMIETANIE_KINO_ID_KINA,PREMIETANIE_PREMIETANIE_CAS,ZAKAZNIK_ROD_CISLO,"ZAPLATENÁ_CENA_LÍSTKA") values ('H','11','2',to_date('11.05.25','DD.MM.RR'),'820727/7890','7,99');
Insert into JURIK2.PREDANE_LISTKY (PLATOBNA_METODA,PREMIETANIE_FILM_ID_FILMU,PREMIETANIE_KINO_ID_KINA,PREMIETANIE_PREMIETANIE_CAS,ZAKAZNIK_ROD_CISLO,"ZAPLATENÁ_CENA_LÍSTKA") values ('H','6','6',to_date('10.05.25','DD.MM.RR'),'935424/4567','9,48');
Insert into JURIK2.PREDANE_LISTKY (PLATOBNA_METODA,PREMIETANIE_FILM_ID_FILMU,PREMIETANIE_KINO_ID_KINA,PREMIETANIE_PREMIETANIE_CAS,ZAKAZNIK_ROD_CISLO,"ZAPLATENÁ_CENA_LÍSTKA") values ('O','21','7',to_date('10.05.25','DD.MM.RR'),'935616/6789','5,14');
Insert into JURIK2.PREDANE_LISTKY (PLATOBNA_METODA,PREMIETANIE_FILM_ID_FILMU,PREMIETANIE_KINO_ID_KINA,PREMIETANIE_PREMIETANIE_CAS,ZAKAZNIK_ROD_CISLO,"ZAPLATENÁ_CENA_LÍSTKA") values ('O','48','5',to_date('11.05.25','DD.MM.RR'),'800717/7890','5,9');
Insert into JURIK2.PREDANE_LISTKY (PLATOBNA_METODA,PREMIETANIE_FILM_ID_FILMU,PREMIETANIE_KINO_ID_KINA,PREMIETANIE_PREMIETANIE_CAS,ZAKAZNIK_ROD_CISLO,"ZAPLATENÁ_CENA_LÍSTKA") values ('H','22','7',to_date('11.05.25','DD.MM.RR'),'810505/5678','8,38');
Insert into JURIK2.PREDANE_LISTKY (PLATOBNA_METODA,PREMIETANIE_FILM_ID_FILMU,PREMIETANIE_KINO_ID_KINA,PREMIETANIE_PREMIETANIE_CAS,ZAKAZNIK_ROD_CISLO,"ZAPLATENÁ_CENA_LÍSTKA") values ('O','32','5',to_date('11.05.25','DD.MM.RR'),'820727/7890','3,6');
Insert into JURIK2.PREDANE_LISTKY (PLATOBNA_METODA,PREMIETANIE_FILM_ID_FILMU,PREMIETANIE_KINO_ID_KINA,PREMIETANIE_PREMIETANIE_CAS,ZAKAZNIK_ROD_CISLO,"ZAPLATENÁ_CENA_LÍSTKA") values ('O','13','5',to_date('11.05.25','DD.MM.RR'),'820727/7890','9,04');
Insert into JURIK2.PREDANE_LISTKY (PLATOBNA_METODA,PREMIETANIE_FILM_ID_FILMU,PREMIETANIE_KINO_ID_KINA,PREMIETANIE_PREMIETANIE_CAS,ZAKAZNIK_ROD_CISLO,"ZAPLATENÁ_CENA_LÍSTKA") values ('O','5','4',to_date('10.05.25','DD.MM.RR'),'896606/6789','6,82');
Insert into JURIK2.PREDANE_LISTKY (PLATOBNA_METODA,PREMIETANIE_FILM_ID_FILMU,PREMIETANIE_KINO_ID_KINA,PREMIETANIE_PREMIETANIE_CAS,ZAKAZNIK_ROD_CISLO,"ZAPLATENÁ_CENA_LÍSTKA") values ('K','14','5',to_date('10.05.25','DD.MM.RR'),'880313/3456','7,58');
Insert into JURIK2.PREDANE_LISTKY (PLATOBNA_METODA,PREMIETANIE_FILM_ID_FILMU,PREMIETANIE_KINO_ID_KINA,PREMIETANIE_PREMIETANIE_CAS,ZAKAZNIK_ROD_CISLO,"ZAPLATENÁ_CENA_LÍSTKA") values ('H','43','2',to_date('11.05.25','DD.MM.RR'),'935424/4567','4,85');
Insert into JURIK2.PREDANE_LISTKY (PLATOBNA_METODA,PREMIETANIE_FILM_ID_FILMU,PREMIETANIE_KINO_ID_KINA,PREMIETANIE_PREMIETANIE_CAS,ZAKAZNIK_ROD_CISLO,"ZAPLATENÁ_CENA_LÍSTKA") values ('K','13','5',to_date('11.05.25','DD.MM.RR'),'955212/2345','8,95');
Insert into JURIK2.PREDANE_LISTKY (PLATOBNA_METODA,PREMIETANIE_FILM_ID_FILMU,PREMIETANIE_KINO_ID_KINA,PREMIETANIE_PREMIETANIE_CAS,ZAKAZNIK_ROD_CISLO,"ZAPLATENÁ_CENA_LÍSTKA") values ('K','46','6',to_date('10.05.25','DD.MM.RR'),'870303/3456','6,18');
Insert into JURIK2.PREDANE_LISTKY (PLATOBNA_METODA,PREMIETANIE_FILM_ID_FILMU,PREMIETANIE_KINO_ID_KINA,PREMIETANIE_PREMIETANIE_CAS,ZAKAZNIK_ROD_CISLO,"ZAPLATENÁ_CENA_LÍSTKA") values ('K','26','2',to_date('10.05.25','DD.MM.RR'),'800717/7890','5,95');
Insert into JURIK2.PREDANE_LISTKY (PLATOBNA_METODA,PREMIETANIE_FILM_ID_FILMU,PREMIETANIE_KINO_ID_KINA,PREMIETANIE_PREMIETANIE_CAS,ZAKAZNIK_ROD_CISLO,"ZAPLATENÁ_CENA_LÍSTKA") values ('O','48','5',to_date('11.05.25','DD.MM.RR'),'900030/0123','7,43');
Insert into JURIK2.PREDANE_LISTKY (PLATOBNA_METODA,PREMIETANIE_FILM_ID_FILMU,PREMIETANIE_KINO_ID_KINA,PREMIETANIE_PREMIETANIE_CAS,ZAKAZNIK_ROD_CISLO,"ZAPLATENÁ_CENA_LÍSTKA") values ('H','10','1',to_date('10.05.25','DD.MM.RR'),'850101/1234','5,53');
Insert into JURIK2.PREDANE_LISTKY (PLATOBNA_METODA,PREMIETANIE_FILM_ID_FILMU,PREMIETANIE_KINO_ID_KINA,PREMIETANIE_PREMIETANIE_CAS,ZAKAZNIK_ROD_CISLO,"ZAPLATENÁ_CENA_LÍSTKA") values ('H','43','2',to_date('11.05.25','DD.MM.RR'),'935808/8901','8,71');
Insert into JURIK2.PREDANE_LISTKY (PLATOBNA_METODA,PREMIETANIE_FILM_ID_FILMU,PREMIETANIE_KINO_ID_KINA,PREMIETANIE_PREMIETANIE_CAS,ZAKAZNIK_ROD_CISLO,"ZAPLATENÁ_CENA_LÍSTKA") values ('K','34','4',to_date('11.05.25','DD.MM.RR'),'820727/7890','8,97');
Insert into JURIK2.PREDANE_LISTKY (PLATOBNA_METODA,PREMIETANIE_FILM_ID_FILMU,PREMIETANIE_KINO_ID_KINA,PREMIETANIE_PREMIETANIE_CAS,ZAKAZNIK_ROD_CISLO,"ZAPLATENÁ_CENA_LÍSTKA") values ('K','27','1',to_date('10.05.25','DD.MM.RR'),'850323/3456','3,82');
Insert into JURIK2.PREDANE_LISTKY (PLATOBNA_METODA,PREMIETANIE_FILM_ID_FILMU,PREMIETANIE_KINO_ID_KINA,PREMIETANIE_PREMIETANIE_CAS,ZAKAZNIK_ROD_CISLO,"ZAPLATENÁ_CENA_LÍSTKA") values ('O','36','7',to_date('11.05.25','DD.MM.RR'),'955818/8901','4,33');
Insert into JURIK2.PREDANE_LISTKY (PLATOBNA_METODA,PREMIETANIE_FILM_ID_FILMU,PREMIETANIE_KINO_ID_KINA,PREMIETANIE_PREMIETANIE_CAS,ZAKAZNIK_ROD_CISLO,"ZAPLATENÁ_CENA_LÍSTKA") values ('K','12','2',to_date('11.05.25','DD.MM.RR'),'810505/5678','8,88');
Insert into JURIK2.PREDANE_LISTKY (PLATOBNA_METODA,PREMIETANIE_FILM_ID_FILMU,PREMIETANIE_KINO_ID_KINA,PREMIETANIE_PREMIETANIE_CAS,ZAKAZNIK_ROD_CISLO,"ZAPLATENÁ_CENA_LÍSTKA") values ('O','17','3',to_date('11.05.25','DD.MM.RR'),'905010/0123','6,18');
Insert into JURIK2.PREDANE_LISTKY (PLATOBNA_METODA,PREMIETANIE_FILM_ID_FILMU,PREMIETANIE_KINO_ID_KINA,PREMIETANIE_PREMIETANIE_CAS,ZAKAZNIK_ROD_CISLO,"ZAPLATENÁ_CENA_LÍSTKA") values ('O','9','7',to_date('10.05.25','DD.MM.RR'),'900030/0123','4,13');
Insert into JURIK2.PREDANE_LISTKY (PLATOBNA_METODA,PREMIETANIE_FILM_ID_FILMU,PREMIETANIE_KINO_ID_KINA,PREMIETANIE_PREMIETANIE_CAS,ZAKAZNIK_ROD_CISLO,"ZAPLATENÁ_CENA_LÍSTKA") values ('K','20','3',to_date('11.05.25','DD.MM.RR'),'820727/7890','4,17');
Insert into JURIK2.PREDANE_LISTKY (PLATOBNA_METODA,PREMIETANIE_FILM_ID_FILMU,PREMIETANIE_KINO_ID_KINA,PREMIETANIE_PREMIETANIE_CAS,ZAKAZNIK_ROD_CISLO,"ZAPLATENÁ_CENA_LÍSTKA") values ('H','33','2',to_date('10.05.25','DD.MM.RR'),'860707/7890','8,09');
Insert into JURIK2.PREDANE_LISTKY (PLATOBNA_METODA,PREMIETANIE_FILM_ID_FILMU,PREMIETANIE_KINO_ID_KINA,PREMIETANIE_PREMIETANIE_CAS,ZAKAZNIK_ROD_CISLO,"ZAPLATENÁ_CENA_LÍSTKA") values ('H','8','5',to_date('10.05.25','DD.MM.RR'),'850101/1234','8,4');
Insert into JURIK2.PREDANE_LISTKY (PLATOBNA_METODA,PREMIETANIE_FILM_ID_FILMU,PREMIETANIE_KINO_ID_KINA,PREMIETANIE_PREMIETANIE_CAS,ZAKAZNIK_ROD_CISLO,"ZAPLATENÁ_CENA_LÍSTKA") values ('O','22','4',to_date('10.05.25','DD.MM.RR'),'915626/6789','9,55');
Insert into JURIK2.PREDANE_LISTKY (PLATOBNA_METODA,PREMIETANIE_FILM_ID_FILMU,PREMIETANIE_KINO_ID_KINA,PREMIETANIE_PREMIETANIE_CAS,ZAKAZNIK_ROD_CISLO,"ZAPLATENÁ_CENA_LÍSTKA") values ('O','9','7',to_date('10.05.25','DD.MM.RR'),'890515/5678','5,98');
Insert into JURIK2.PREDANE_LISTKY (PLATOBNA_METODA,PREMIETANIE_FILM_ID_FILMU,PREMIETANIE_KINO_ID_KINA,PREMIETANIE_PREMIETANIE_CAS,ZAKAZNIK_ROD_CISLO,"ZAPLATENÁ_CENA_LÍSTKA") values ('K','46','6',to_date('11.05.25','DD.MM.RR'),'955212/2345','4,29');
Insert into JURIK2.PREDANE_LISTKY (PLATOBNA_METODA,PREMIETANIE_FILM_ID_FILMU,PREMIETANIE_KINO_ID_KINA,PREMIETANIE_PREMIETANIE_CAS,ZAKAZNIK_ROD_CISLO,"ZAPLATENÁ_CENA_LÍSTKA") values ('K','1','2',to_date('10.05.25','DD.MM.RR'),'955818/8901','8,95');
Insert into JURIK2.PREDANE_LISTKY (PLATOBNA_METODA,PREMIETANIE_FILM_ID_FILMU,PREMIETANIE_KINO_ID_KINA,PREMIETANIE_PREMIETANIE_CAS,ZAKAZNIK_ROD_CISLO,"ZAPLATENÁ_CENA_LÍSTKA") values ('O','33','2',to_date('10.05.25','DD.MM.RR'),'890515/5678','9,9');
Insert into JURIK2.PREDANE_LISTKY (PLATOBNA_METODA,PREMIETANIE_FILM_ID_FILMU,PREMIETANIE_KINO_ID_KINA,PREMIETANIE_PREMIETANIE_CAS,ZAKAZNIK_ROD_CISLO,"ZAPLATENÁ_CENA_LÍSTKA") values ('K','10','1',to_date('12.05.25','DD.MM.RR'),'875920/0123','6,66');
Insert into JURIK2.PREDANE_LISTKY (PLATOBNA_METODA,PREMIETANIE_FILM_ID_FILMU,PREMIETANIE_KINO_ID_KINA,PREMIETANIE_PREMIETANIE_CAS,ZAKAZNIK_ROD_CISLO,"ZAPLATENÁ_CENA_LÍSTKA") values ('H','36','3',to_date('11.05.25','DD.MM.RR'),'935616/6789','5,88');
Insert into JURIK2.PREDANE_LISTKY (PLATOBNA_METODA,PREMIETANIE_FILM_ID_FILMU,PREMIETANIE_KINO_ID_KINA,PREMIETANIE_PREMIETANIE_CAS,ZAKAZNIK_ROD_CISLO,"ZAPLATENÁ_CENA_LÍSTKA") values ('K','10','1',to_date('10.05.25','DD.MM.RR'),'810505/5678','3,35');
Insert into JURIK2.PREDANE_LISTKY (PLATOBNA_METODA,PREMIETANIE_FILM_ID_FILMU,PREMIETANIE_KINO_ID_KINA,PREMIETANIE_PREMIETANIE_CAS,ZAKAZNIK_ROD_CISLO,"ZAPLATENÁ_CENA_LÍSTKA") values ('O','3','3',to_date('10.05.25','DD.MM.RR'),'850909/9012','5,6');
Insert into JURIK2.PREDANE_LISTKY (PLATOBNA_METODA,PREMIETANIE_FILM_ID_FILMU,PREMIETANIE_KINO_ID_KINA,PREMIETANIE_PREMIETANIE_CAS,ZAKAZNIK_ROD_CISLO,"ZAPLATENÁ_CENA_LÍSTKA") values ('H','26','2',to_date('10.05.25','DD.MM.RR'),'860707/7890','5,35');
Insert into JURIK2.PREDANE_LISTKY (PLATOBNA_METODA,PREMIETANIE_FILM_ID_FILMU,PREMIETANIE_KINO_ID_KINA,PREMIETANIE_PREMIETANIE_CAS,ZAKAZNIK_ROD_CISLO,"ZAPLATENÁ_CENA_LÍSTKA") values ('O','30','6',to_date('10.05.25','DD.MM.RR'),'895828/8901','7,12');
Insert into JURIK2.PREDANE_LISTKY (PLATOBNA_METODA,PREMIETANIE_FILM_ID_FILMU,PREMIETANIE_KINO_ID_KINA,PREMIETANIE_PREMIETANIE_CAS,ZAKAZNIK_ROD_CISLO,"ZAPLATENÁ_CENA_LÍSTKA") values ('H','10','1',to_date('10.05.25','DD.MM.RR'),'945414/4567','7,45');
Insert into JURIK2.PREDANE_LISTKY (PLATOBNA_METODA,PREMIETANIE_FILM_ID_FILMU,PREMIETANIE_KINO_ID_KINA,PREMIETANIE_PREMIETANIE_CAS,ZAKAZNIK_ROD_CISLO,"ZAPLATENÁ_CENA_LÍSTKA") values ('H','41','5',to_date('10.05.25','DD.MM.RR'),'905404/4567','5,97');
Insert into JURIK2.PREDANE_LISTKY (PLATOBNA_METODA,PREMIETANIE_FILM_ID_FILMU,PREMIETANIE_KINO_ID_KINA,PREMIETANIE_PREMIETANIE_CAS,ZAKAZNIK_ROD_CISLO,"ZAPLATENÁ_CENA_LÍSTKA") values ('O','4','4',to_date('11.05.25','DD.MM.RR'),'905010/0123','3,3');
Insert into JURIK2.PREDANE_LISTKY (PLATOBNA_METODA,PREMIETANIE_FILM_ID_FILMU,PREMIETANIE_KINO_ID_KINA,PREMIETANIE_PREMIETANIE_CAS,ZAKAZNIK_ROD_CISLO,"ZAPLATENÁ_CENA_LÍSTKA") values ('H','19','1',to_date('12.05.25','DD.MM.RR'),'915626/6789','8,16');
Insert into JURIK2.PREDANE_LISTKY (PLATOBNA_METODA,PREMIETANIE_FILM_ID_FILMU,PREMIETANIE_KINO_ID_KINA,PREMIETANIE_PREMIETANIE_CAS,ZAKAZNIK_ROD_CISLO,"ZAPLATENÁ_CENA_LÍSTKA") values ('O','14','5',to_date('10.05.25','DD.MM.RR'),'810505/5678','8,89');
Insert into JURIK2.PREDANE_LISTKY (PLATOBNA_METODA,PREMIETANIE_FILM_ID_FILMU,PREMIETANIE_KINO_ID_KINA,PREMIETANIE_PREMIETANIE_CAS,ZAKAZNIK_ROD_CISLO,"ZAPLATENÁ_CENA_LÍSTKA") values ('H','17','1',to_date('12.05.25','DD.MM.RR'),'905010/0123','6,9');
Insert into JURIK2.PREDANE_LISTKY (PLATOBNA_METODA,PREMIETANIE_FILM_ID_FILMU,PREMIETANIE_KINO_ID_KINA,PREMIETANIE_PREMIETANIE_CAS,ZAKAZNIK_ROD_CISLO,"ZAPLATENÁ_CENA_LÍSTKA") values ('H','39','6',to_date('11.05.25','DD.MM.RR'),'945414/4567','8,04');
Insert into JURIK2.PREDANE_LISTKY (PLATOBNA_METODA,PREMIETANIE_FILM_ID_FILMU,PREMIETANIE_KINO_ID_KINA,PREMIETANIE_PREMIETANIE_CAS,ZAKAZNIK_ROD_CISLO,"ZAPLATENÁ_CENA_LÍSTKA") values ('O','11','2',to_date('11.05.25','DD.MM.RR'),'870303/3456','6,12');
Insert into JURIK2.PREDANE_LISTKY (PLATOBNA_METODA,PREMIETANIE_FILM_ID_FILMU,PREMIETANIE_KINO_ID_KINA,PREMIETANIE_PREMIETANIE_CAS,ZAKAZNIK_ROD_CISLO,"ZAPLATENÁ_CENA_LÍSTKA") values ('H','44','4',to_date('10.05.25','DD.MM.RR'),'875920/0123','8,64');
Insert into JURIK2.PREDANE_LISTKY (PLATOBNA_METODA,PREMIETANIE_FILM_ID_FILMU,PREMIETANIE_KINO_ID_KINA,PREMIETANIE_PREMIETANIE_CAS,ZAKAZNIK_ROD_CISLO,"ZAPLATENÁ_CENA_LÍSTKA") values ('H','17','1',to_date('12.05.25','DD.MM.RR'),'935616/6789','5,54');
Insert into JURIK2.PREDANE_LISTKY (PLATOBNA_METODA,PREMIETANIE_FILM_ID_FILMU,PREMIETANIE_KINO_ID_KINA,PREMIETANIE_PREMIETANIE_CAS,ZAKAZNIK_ROD_CISLO,"ZAPLATENÁ_CENA_LÍSTKA") values ('O','22','4',to_date('10.05.25','DD.MM.RR'),'925202/2345','3,75');
Insert into JURIK2.PREDANE_LISTKY (PLATOBNA_METODA,PREMIETANIE_FILM_ID_FILMU,PREMIETANIE_KINO_ID_KINA,PREMIETANIE_PREMIETANIE_CAS,ZAKAZNIK_ROD_CISLO,"ZAPLATENÁ_CENA_LÍSTKA") values ('K','1','2',to_date('10.05.25','DD.MM.RR'),'850101/1234','6,77');
Insert into JURIK2.PREDANE_LISTKY (PLATOBNA_METODA,PREMIETANIE_FILM_ID_FILMU,PREMIETANIE_KINO_ID_KINA,PREMIETANIE_PREMIETANIE_CAS,ZAKAZNIK_ROD_CISLO,"ZAPLATENÁ_CENA_LÍSTKA") values ('O','35','3',to_date('10.05.25','DD.MM.RR'),'900030/0123','8,85');
Insert into JURIK2.PREDANE_LISTKY (PLATOBNA_METODA,PREMIETANIE_FILM_ID_FILMU,PREMIETANIE_KINO_ID_KINA,PREMIETANIE_PREMIETANIE_CAS,ZAKAZNIK_ROD_CISLO,"ZAPLATENÁ_CENA_LÍSTKA") values ('O','40','3',to_date('11.05.25','DD.MM.RR'),'870111/1234','9,77');
Insert into JURIK2.PREDANE_LISTKY (PLATOBNA_METODA,PREMIETANIE_FILM_ID_FILMU,PREMIETANIE_KINO_ID_KINA,PREMIETANIE_PREMIETANIE_CAS,ZAKAZNIK_ROD_CISLO,"ZAPLATENÁ_CENA_LÍSTKA") values ('O','28','7',to_date('11.05.25','DD.MM.RR'),'925222/2345','4,34');
Insert into JURIK2.PREDANE_LISTKY (PLATOBNA_METODA,PREMIETANIE_FILM_ID_FILMU,PREMIETANIE_KINO_ID_KINA,PREMIETANIE_PREMIETANIE_CAS,ZAKAZNIK_ROD_CISLO,"ZAPLATENÁ_CENA_LÍSTKA") values ('K','50','1',to_date('12.05.25','DD.MM.RR'),'860919/9012','8,03');
Insert into JURIK2.PREDANE_LISTKY (PLATOBNA_METODA,PREMIETANIE_FILM_ID_FILMU,PREMIETANIE_KINO_ID_KINA,PREMIETANIE_PREMIETANIE_CAS,ZAKAZNIK_ROD_CISLO,"ZAPLATENÁ_CENA_LÍSTKA") values ('O','28','3',to_date('10.05.25','DD.MM.RR'),'850909/9012','7,86');
Insert into JURIK2.PREDANE_LISTKY (PLATOBNA_METODA,PREMIETANIE_FILM_ID_FILMU,PREMIETANIE_KINO_ID_KINA,PREMIETANIE_PREMIETANIE_CAS,ZAKAZNIK_ROD_CISLO,"ZAPLATENÁ_CENA_LÍSTKA") values ('K','30','6',to_date('10.05.25','DD.MM.RR'),'896606/6789','3,71');
Insert into JURIK2.PREDANE_LISTKY (PLATOBNA_METODA,PREMIETANIE_FILM_ID_FILMU,PREMIETANIE_KINO_ID_KINA,PREMIETANIE_PREMIETANIE_CAS,ZAKAZNIK_ROD_CISLO,"ZAPLATENÁ_CENA_LÍSTKA") values ('O','1','2',to_date('10.05.25','DD.MM.RR'),'925222/2345','4,46');
Insert into JURIK2.PREDANE_LISTKY (PLATOBNA_METODA,PREMIETANIE_FILM_ID_FILMU,PREMIETANIE_KINO_ID_KINA,PREMIETANIE_PREMIETANIE_CAS,ZAKAZNIK_ROD_CISLO,"ZAPLATENÁ_CENA_LÍSTKA") values ('O','25','4',to_date('10.05.25','DD.MM.RR'),'850909/9012','8,79');
Insert into JURIK2.PREDANE_LISTKY (PLATOBNA_METODA,PREMIETANIE_FILM_ID_FILMU,PREMIETANIE_KINO_ID_KINA,PREMIETANIE_PREMIETANIE_CAS,ZAKAZNIK_ROD_CISLO,"ZAPLATENÁ_CENA_LÍSTKA") values ('O','39','6',to_date('11.05.25','DD.MM.RR'),'955818/8901','3,25');
Insert into JURIK2.PREDANE_LISTKY (PLATOBNA_METODA,PREMIETANIE_FILM_ID_FILMU,PREMIETANIE_KINO_ID_KINA,PREMIETANIE_PREMIETANIE_CAS,ZAKAZNIK_ROD_CISLO,"ZAPLATENÁ_CENA_LÍSTKA") values ('O','2','7',to_date('10.05.25','DD.MM.RR'),'880929/9012','7,31');
Insert into JURIK2.PREDANE_LISTKY (PLATOBNA_METODA,PREMIETANIE_FILM_ID_FILMU,PREMIETANIE_KINO_ID_KINA,PREMIETANIE_PREMIETANIE_CAS,ZAKAZNIK_ROD_CISLO,"ZAPLATENÁ_CENA_LÍSTKA") values ('K','24','1',to_date('11.05.25','DD.MM.RR'),'850323/3456','7,82');
Insert into JURIK2.PREDANE_LISTKY (PLATOBNA_METODA,PREMIETANIE_FILM_ID_FILMU,PREMIETANIE_KINO_ID_KINA,PREMIETANIE_PREMIETANIE_CAS,ZAKAZNIK_ROD_CISLO,"ZAPLATENÁ_CENA_LÍSTKA") values ('O','23','7',to_date('10.05.25','DD.MM.RR'),'890515/5678','8,57');
Insert into JURIK2.PREDANE_LISTKY (PLATOBNA_METODA,PREMIETANIE_FILM_ID_FILMU,PREMIETANIE_KINO_ID_KINA,PREMIETANIE_PREMIETANIE_CAS,ZAKAZNIK_ROD_CISLO,"ZAPLATENÁ_CENA_LÍSTKA") values ('O','25','4',to_date('10.05.25','DD.MM.RR'),'800717/7890','5,76');
Insert into JURIK2.PREDANE_LISTKY (PLATOBNA_METODA,PREMIETANIE_FILM_ID_FILMU,PREMIETANIE_KINO_ID_KINA,PREMIETANIE_PREMIETANIE_CAS,ZAKAZNIK_ROD_CISLO,"ZAPLATENÁ_CENA_LÍSTKA") values ('O','26','7',to_date('11.05.25','DD.MM.RR'),'890515/5678','5,57');
Insert into JURIK2.PREDANE_LISTKY (PLATOBNA_METODA,PREMIETANIE_FILM_ID_FILMU,PREMIETANIE_KINO_ID_KINA,PREMIETANIE_PREMIETANIE_CAS,ZAKAZNIK_ROD_CISLO,"ZAPLATENÁ_CENA_LÍSTKA") values ('H','32','5',to_date('11.05.25','DD.MM.RR'),'880313/3456','7,16');
Insert into JURIK2.PREDANE_LISTKY (PLATOBNA_METODA,PREMIETANIE_FILM_ID_FILMU,PREMIETANIE_KINO_ID_KINA,PREMIETANIE_PREMIETANIE_CAS,ZAKAZNIK_ROD_CISLO,"ZAPLATENÁ_CENA_LÍSTKA") values ('O','5','4',to_date('10.05.25','DD.MM.RR'),'955818/8901','6,64');
Insert into JURIK2.PREDANE_LISTKY (PLATOBNA_METODA,PREMIETANIE_FILM_ID_FILMU,PREMIETANIE_KINO_ID_KINA,PREMIETANIE_PREMIETANIE_CAS,ZAKAZNIK_ROD_CISLO,"ZAPLATENÁ_CENA_LÍSTKA") values ('H','47','6',to_date('10.05.25','DD.MM.RR'),'905404/4567','8,69');
Insert into JURIK2.PREDANE_LISTKY (PLATOBNA_METODA,PREMIETANIE_FILM_ID_FILMU,PREMIETANIE_KINO_ID_KINA,PREMIETANIE_PREMIETANIE_CAS,ZAKAZNIK_ROD_CISLO,"ZAPLATENÁ_CENA_LÍSTKA") values ('O','36','3',to_date('11.05.25','DD.MM.RR'),'880929/9012','8,08');
Insert into JURIK2.PREDANE_LISTKY (PLATOBNA_METODA,PREMIETANIE_FILM_ID_FILMU,PREMIETANIE_KINO_ID_KINA,PREMIETANIE_PREMIETANIE_CAS,ZAKAZNIK_ROD_CISLO,"ZAPLATENÁ_CENA_LÍSTKA") values ('H','26','2',to_date('10.05.25','DD.MM.RR'),'935424/4567','6,47');
Insert into JURIK2.PREDANE_LISTKY (PLATOBNA_METODA,PREMIETANIE_FILM_ID_FILMU,PREMIETANIE_KINO_ID_KINA,PREMIETANIE_PREMIETANIE_CAS,ZAKAZNIK_ROD_CISLO,"ZAPLATENÁ_CENA_LÍSTKA") values ('K','36','7',to_date('11.05.25','DD.MM.RR'),'860919/9012','3,31');
Insert into JURIK2.PREDANE_LISTKY (PLATOBNA_METODA,PREMIETANIE_FILM_ID_FILMU,PREMIETANIE_KINO_ID_KINA,PREMIETANIE_PREMIETANIE_CAS,ZAKAZNIK_ROD_CISLO,"ZAPLATENÁ_CENA_LÍSTKA") values ('O','49','2',to_date('10.05.25','DD.MM.RR'),'925202/2345','3,94');
Insert into JURIK2.PREDANE_LISTKY (PLATOBNA_METODA,PREMIETANIE_FILM_ID_FILMU,PREMIETANIE_KINO_ID_KINA,PREMIETANIE_PREMIETANIE_CAS,ZAKAZNIK_ROD_CISLO,"ZAPLATENÁ_CENA_LÍSTKA") values ('O','13','5',to_date('11.05.25','DD.MM.RR'),'915626/6789','9,54');
Insert into JURIK2.PREDANE_LISTKY (PLATOBNA_METODA,PREMIETANIE_FILM_ID_FILMU,PREMIETANIE_KINO_ID_KINA,PREMIETANIE_PREMIETANIE_CAS,ZAKAZNIK_ROD_CISLO,"ZAPLATENÁ_CENA_LÍSTKA") values ('K','8','5',to_date('10.05.25','DD.MM.RR'),'810505/5678','7,69');
Insert into JURIK2.PREDANE_LISTKY (PLATOBNA_METODA,PREMIETANIE_FILM_ID_FILMU,PREMIETANIE_KINO_ID_KINA,PREMIETANIE_PREMIETANIE_CAS,ZAKAZNIK_ROD_CISLO,"ZAPLATENÁ_CENA_LÍSTKA") values ('O','15','4',to_date('11.05.25','DD.MM.RR'),'880313/3456','6,89');
Insert into JURIK2.PREDANE_LISTKY (PLATOBNA_METODA,PREMIETANIE_FILM_ID_FILMU,PREMIETANIE_KINO_ID_KINA,PREMIETANIE_PREMIETANIE_CAS,ZAKAZNIK_ROD_CISLO,"ZAPLATENÁ_CENA_LÍSTKA") values ('H','34','4',to_date('11.05.25','DD.MM.RR'),'895828/8901','9,87');
Insert into JURIK2.PREDANE_LISTKY (PLATOBNA_METODA,PREMIETANIE_FILM_ID_FILMU,PREMIETANIE_KINO_ID_KINA,PREMIETANIE_PREMIETANIE_CAS,ZAKAZNIK_ROD_CISLO,"ZAPLATENÁ_CENA_LÍSTKA") values ('O','39','6',to_date('11.05.25','DD.MM.RR'),'955212/2345','3,94');
Insert into JURIK2.PREDANE_LISTKY (PLATOBNA_METODA,PREMIETANIE_FILM_ID_FILMU,PREMIETANIE_KINO_ID_KINA,PREMIETANIE_PREMIETANIE_CAS,ZAKAZNIK_ROD_CISLO,"ZAPLATENÁ_CENA_LÍSTKA") values ('K','17','3',to_date('11.05.25','DD.MM.RR'),'840525/5678','8,35');
Insert into JURIK2.PREDANE_LISTKY (PLATOBNA_METODA,PREMIETANIE_FILM_ID_FILMU,PREMIETANIE_KINO_ID_KINA,PREMIETANIE_PREMIETANIE_CAS,ZAKAZNIK_ROD_CISLO,"ZAPLATENÁ_CENA_LÍSTKA") values ('K','20','3',to_date('11.05.25','DD.MM.RR'),'860919/9012','3,53');
Insert into JURIK2.PREDANE_LISTKY (PLATOBNA_METODA,PREMIETANIE_FILM_ID_FILMU,PREMIETANIE_KINO_ID_KINA,PREMIETANIE_PREMIETANIE_CAS,ZAKAZNIK_ROD_CISLO,"ZAPLATENÁ_CENA_LÍSTKA") values ('H','35','6',to_date('11.05.25','DD.MM.RR'),'915626/6789','4,72');
Insert into JURIK2.PREDANE_LISTKY (PLATOBNA_METODA,PREMIETANIE_FILM_ID_FILMU,PREMIETANIE_KINO_ID_KINA,PREMIETANIE_PREMIETANIE_CAS,ZAKAZNIK_ROD_CISLO,"ZAPLATENÁ_CENA_LÍSTKA") values ('O','3','3',to_date('10.05.25','DD.MM.RR'),'905010/0123','8,58');
Insert into JURIK2.PREDANE_LISTKY (PLATOBNA_METODA,PREMIETANIE_FILM_ID_FILMU,PREMIETANIE_KINO_ID_KINA,PREMIETANIE_PREMIETANIE_CAS,ZAKAZNIK_ROD_CISLO,"ZAPLATENÁ_CENA_LÍSTKA") values ('H','34','4',to_date('11.05.25','DD.MM.RR'),'910121/1234','6,25');
Insert into JURIK2.PREDANE_LISTKY (PLATOBNA_METODA,PREMIETANIE_FILM_ID_FILMU,PREMIETANIE_KINO_ID_KINA,PREMIETANIE_PREMIETANIE_CAS,ZAKAZNIK_ROD_CISLO,"ZAPLATENÁ_CENA_LÍSTKA") values ('H','14','5',to_date('10.05.25','DD.MM.RR'),'935616/6789','8,17');
Insert into JURIK2.PREDANE_LISTKY (PLATOBNA_METODA,PREMIETANIE_FILM_ID_FILMU,PREMIETANIE_KINO_ID_KINA,PREMIETANIE_PREMIETANIE_CAS,ZAKAZNIK_ROD_CISLO,"ZAPLATENÁ_CENA_LÍSTKA") values ('K','17','3',to_date('11.05.25','DD.MM.RR'),'800717/7890','5,28');
Insert into JURIK2.PREDANE_LISTKY (PLATOBNA_METODA,PREMIETANIE_FILM_ID_FILMU,PREMIETANIE_KINO_ID_KINA,PREMIETANIE_PREMIETANIE_CAS,ZAKAZNIK_ROD_CISLO,"ZAPLATENÁ_CENA_LÍSTKA") values ('O','6','6',to_date('10.05.25','DD.MM.RR'),'890515/5678','7,87');
Insert into JURIK2.PREDANE_LISTKY (PLATOBNA_METODA,PREMIETANIE_FILM_ID_FILMU,PREMIETANIE_KINO_ID_KINA,PREMIETANIE_PREMIETANIE_CAS,ZAKAZNIK_ROD_CISLO,"ZAPLATENÁ_CENA_LÍSTKA") values ('O','14','5',to_date('10.05.25','DD.MM.RR'),'850909/9012','4,74');
Insert into JURIK2.PREDANE_LISTKY (PLATOBNA_METODA,PREMIETANIE_FILM_ID_FILMU,PREMIETANIE_KINO_ID_KINA,PREMIETANIE_PREMIETANIE_CAS,ZAKAZNIK_ROD_CISLO,"ZAPLATENÁ_CENA_LÍSTKA") values ('H','19','4',to_date('11.05.25','DD.MM.RR'),'860707/7890','5,29');
Insert into JURIK2.PREDANE_LISTKY (PLATOBNA_METODA,PREMIETANIE_FILM_ID_FILMU,PREMIETANIE_KINO_ID_KINA,PREMIETANIE_PREMIETANIE_CAS,ZAKAZNIK_ROD_CISLO,"ZAPLATENÁ_CENA_LÍSTKA") values ('O','2','7',to_date('10.05.25','DD.MM.RR'),'905404/4567','7,55');
Insert into JURIK2.PREDANE_LISTKY (PLATOBNA_METODA,PREMIETANIE_FILM_ID_FILMU,PREMIETANIE_KINO_ID_KINA,PREMIETANIE_PREMIETANIE_CAS,ZAKAZNIK_ROD_CISLO,"ZAPLATENÁ_CENA_LÍSTKA") values ('O','3','3',to_date('10.05.25','DD.MM.RR'),'860707/7890','4,4');
Insert into JURIK2.PREDANE_LISTKY (PLATOBNA_METODA,PREMIETANIE_FILM_ID_FILMU,PREMIETANIE_KINO_ID_KINA,PREMIETANIE_PREMIETANIE_CAS,ZAKAZNIK_ROD_CISLO,"ZAPLATENÁ_CENA_LÍSTKA") values ('H','5','4',to_date('10.05.25','DD.MM.RR'),'880929/9012','4,3');
Insert into JURIK2.PREDANE_LISTKY (PLATOBNA_METODA,PREMIETANIE_FILM_ID_FILMU,PREMIETANIE_KINO_ID_KINA,PREMIETANIE_PREMIETANIE_CAS,ZAKAZNIK_ROD_CISLO,"ZAPLATENÁ_CENA_LÍSTKA") values ('K','47','6',to_date('10.05.25','DD.MM.RR'),'880313/3456','8,26');
Insert into JURIK2.PREDANE_LISTKY (PLATOBNA_METODA,PREMIETANIE_FILM_ID_FILMU,PREMIETANIE_KINO_ID_KINA,PREMIETANIE_PREMIETANIE_CAS,ZAKAZNIK_ROD_CISLO,"ZAPLATENÁ_CENA_LÍSTKA") values ('H','19','4',to_date('11.05.25','DD.MM.RR'),'850323/3456','4,29');
Insert into JURIK2.PREDANE_LISTKY (PLATOBNA_METODA,PREMIETANIE_FILM_ID_FILMU,PREMIETANIE_KINO_ID_KINA,PREMIETANIE_PREMIETANIE_CAS,ZAKAZNIK_ROD_CISLO,"ZAPLATENÁ_CENA_LÍSTKA") values ('O','31','1',to_date('10.05.25','DD.MM.RR'),'955212/2345','7,9');
Insert into JURIK2.PREDANE_LISTKY (PLATOBNA_METODA,PREMIETANIE_FILM_ID_FILMU,PREMIETANIE_KINO_ID_KINA,PREMIETANIE_PREMIETANIE_CAS,ZAKAZNIK_ROD_CISLO,"ZAPLATENÁ_CENA_LÍSTKA") values ('O','40','3',to_date('11.05.25','DD.MM.RR'),'900030/0123','8,82');
Insert into JURIK2.PREDANE_LISTKY (PLATOBNA_METODA,PREMIETANIE_FILM_ID_FILMU,PREMIETANIE_KINO_ID_KINA,PREMIETANIE_PREMIETANIE_CAS,ZAKAZNIK_ROD_CISLO,"ZAPLATENÁ_CENA_LÍSTKA") values ('H','16','5',to_date('10.05.25','DD.MM.RR'),'850323/3456','5,97');
Insert into JURIK2.PREDANE_LISTKY (PLATOBNA_METODA,PREMIETANIE_FILM_ID_FILMU,PREMIETANIE_KINO_ID_KINA,PREMIETANIE_PREMIETANIE_CAS,ZAKAZNIK_ROD_CISLO,"ZAPLATENÁ_CENA_LÍSTKA") values ('O','47','6',to_date('10.05.25','DD.MM.RR'),'935808/8901','7,46');
Insert into JURIK2.PREDANE_LISTKY (PLATOBNA_METODA,PREMIETANIE_FILM_ID_FILMU,PREMIETANIE_KINO_ID_KINA,PREMIETANIE_PREMIETANIE_CAS,ZAKAZNIK_ROD_CISLO,"ZAPLATENÁ_CENA_LÍSTKA") values ('O','27','1',to_date('10.05.25','DD.MM.RR'),'810505/5678','8,82');
Insert into JURIK2.PREDANE_LISTKY (PLATOBNA_METODA,PREMIETANIE_FILM_ID_FILMU,PREMIETANIE_KINO_ID_KINA,PREMIETANIE_PREMIETANIE_CAS,ZAKAZNIK_ROD_CISLO,"ZAPLATENÁ_CENA_LÍSTKA") values ('O','22','4',to_date('10.05.25','DD.MM.RR'),'850101/1234','7,44');
Insert into JURIK2.PREDANE_LISTKY (PLATOBNA_METODA,PREMIETANIE_FILM_ID_FILMU,PREMIETANIE_KINO_ID_KINA,PREMIETANIE_PREMIETANIE_CAS,ZAKAZNIK_ROD_CISLO,"ZAPLATENÁ_CENA_LÍSTKA") values ('H','49','2',to_date('10.05.25','DD.MM.RR'),'915626/6789','8,4');
Insert into JURIK2.PREDANE_LISTKY (PLATOBNA_METODA,PREMIETANIE_FILM_ID_FILMU,PREMIETANIE_KINO_ID_KINA,PREMIETANIE_PREMIETANIE_CAS,ZAKAZNIK_ROD_CISLO,"ZAPLATENÁ_CENA_LÍSTKA") values ('O','48','5',to_date('11.05.25','DD.MM.RR'),'910121/1234','3,38');
Insert into JURIK2.PREDANE_LISTKY (PLATOBNA_METODA,PREMIETANIE_FILM_ID_FILMU,PREMIETANIE_KINO_ID_KINA,PREMIETANIE_PREMIETANIE_CAS,ZAKAZNIK_ROD_CISLO,"ZAPLATENÁ_CENA_LÍSTKA") values ('O','5','4',to_date('10.05.25','DD.MM.RR'),'955212/2345','9,8');
Insert into JURIK2.PREDANE_LISTKY (PLATOBNA_METODA,PREMIETANIE_FILM_ID_FILMU,PREMIETANIE_KINO_ID_KINA,PREMIETANIE_PREMIETANIE_CAS,ZAKAZNIK_ROD_CISLO,"ZAPLATENÁ_CENA_LÍSTKA") values ('K','17','1',to_date('12.05.25','DD.MM.RR'),'915626/6789','9,75');
Insert into JURIK2.PREDANE_LISTKY (PLATOBNA_METODA,PREMIETANIE_FILM_ID_FILMU,PREMIETANIE_KINO_ID_KINA,PREMIETANIE_PREMIETANIE_CAS,ZAKAZNIK_ROD_CISLO,"ZAPLATENÁ_CENA_LÍSTKA") values ('H','8','5',to_date('10.05.25','DD.MM.RR'),'945414/4567','7,88');
Insert into JURIK2.PREDANE_LISTKY (PLATOBNA_METODA,PREMIETANIE_FILM_ID_FILMU,PREMIETANIE_KINO_ID_KINA,PREMIETANIE_PREMIETANIE_CAS,ZAKAZNIK_ROD_CISLO,"ZAPLATENÁ_CENA_LÍSTKA") values ('K','34','4',to_date('11.05.25','DD.MM.RR'),'900030/0123','3,51');
Insert into JURIK2.PREDANE_LISTKY (PLATOBNA_METODA,PREMIETANIE_FILM_ID_FILMU,PREMIETANIE_KINO_ID_KINA,PREMIETANIE_PREMIETANIE_CAS,ZAKAZNIK_ROD_CISLO,"ZAPLATENÁ_CENA_LÍSTKA") values ('H','6','6',to_date('10.05.25','DD.MM.RR'),'850101/1234','6,39');
Insert into JURIK2.PREDANE_LISTKY (PLATOBNA_METODA,PREMIETANIE_FILM_ID_FILMU,PREMIETANIE_KINO_ID_KINA,PREMIETANIE_PREMIETANIE_CAS,ZAKAZNIK_ROD_CISLO,"ZAPLATENÁ_CENA_LÍSTKA") values ('O','34','4',to_date('11.05.25','DD.MM.RR'),'875920/0123','9,31');
Insert into JURIK2.PREDANE_LISTKY (PLATOBNA_METODA,PREMIETANIE_FILM_ID_FILMU,PREMIETANIE_KINO_ID_KINA,PREMIETANIE_PREMIETANIE_CAS,ZAKAZNIK_ROD_CISLO,"ZAPLATENÁ_CENA_LÍSTKA") values ('H','46','6',to_date('10.05.25','DD.MM.RR'),'810505/5678','4,06');
Insert into JURIK2.PREDANE_LISTKY (PLATOBNA_METODA,PREMIETANIE_FILM_ID_FILMU,PREMIETANIE_KINO_ID_KINA,PREMIETANIE_PREMIETANIE_CAS,ZAKAZNIK_ROD_CISLO,"ZAPLATENÁ_CENA_LÍSTKA") values ('K','18','3',to_date('10.05.25','DD.MM.RR'),'915626/6789','6,13');
Insert into JURIK2.PREDANE_LISTKY (PLATOBNA_METODA,PREMIETANIE_FILM_ID_FILMU,PREMIETANIE_KINO_ID_KINA,PREMIETANIE_PREMIETANIE_CAS,ZAKAZNIK_ROD_CISLO,"ZAPLATENÁ_CENA_LÍSTKA") values ('K','24','1',to_date('11.05.25','DD.MM.RR'),'870111/1234','5,07');
Insert into JURIK2.PREDANE_LISTKY (PLATOBNA_METODA,PREMIETANIE_FILM_ID_FILMU,PREMIETANIE_KINO_ID_KINA,PREMIETANIE_PREMIETANIE_CAS,ZAKAZNIK_ROD_CISLO,"ZAPLATENÁ_CENA_LÍSTKA") values ('H','45','1',to_date('11.05.25','DD.MM.RR'),'870303/3456','7,79');
Insert into JURIK2.PREDANE_LISTKY (PLATOBNA_METODA,PREMIETANIE_FILM_ID_FILMU,PREMIETANIE_KINO_ID_KINA,PREMIETANIE_PREMIETANIE_CAS,ZAKAZNIK_ROD_CISLO,"ZAPLATENÁ_CENA_LÍSTKA") values ('K','13','5',to_date('11.05.25','DD.MM.RR'),'880313/3456','3,7');
Insert into JURIK2.PREDANE_LISTKY (PLATOBNA_METODA,PREMIETANIE_FILM_ID_FILMU,PREMIETANIE_KINO_ID_KINA,PREMIETANIE_PREMIETANIE_CAS,ZAKAZNIK_ROD_CISLO,"ZAPLATENÁ_CENA_LÍSTKA") values ('O','30','6',to_date('10.05.25','DD.MM.RR'),'905010/0123','7,08');
Insert into JURIK2.PREDANE_LISTKY (PLATOBNA_METODA,PREMIETANIE_FILM_ID_FILMU,PREMIETANIE_KINO_ID_KINA,PREMIETANIE_PREMIETANIE_CAS,ZAKAZNIK_ROD_CISLO,"ZAPLATENÁ_CENA_LÍSTKA") values ('H','3','3',to_date('10.05.25','DD.MM.RR'),'860919/9012','8,23');
Insert into JURIK2.PREDANE_LISTKY (PLATOBNA_METODA,PREMIETANIE_FILM_ID_FILMU,PREMIETANIE_KINO_ID_KINA,PREMIETANIE_PREMIETANIE_CAS,ZAKAZNIK_ROD_CISLO,"ZAPLATENÁ_CENA_LÍSTKA") values ('H','12','2',to_date('11.05.25','DD.MM.RR'),'955818/8901','4,7');
Insert into JURIK2.PREDANE_LISTKY (PLATOBNA_METODA,PREMIETANIE_FILM_ID_FILMU,PREMIETANIE_KINO_ID_KINA,PREMIETANIE_PREMIETANIE_CAS,ZAKAZNIK_ROD_CISLO,"ZAPLATENÁ_CENA_LÍSTKA") values ('H','9','7',to_date('10.05.25','DD.MM.RR'),'895828/8901','9');
Insert into JURIK2.PREDANE_LISTKY (PLATOBNA_METODA,PREMIETANIE_FILM_ID_FILMU,PREMIETANIE_KINO_ID_KINA,PREMIETANIE_PREMIETANIE_CAS,ZAKAZNIK_ROD_CISLO,"ZAPLATENÁ_CENA_LÍSTKA") values ('O','3','3',to_date('10.05.25','DD.MM.RR'),'880929/9012','6,84');
Insert into JURIK2.PREDANE_LISTKY (PLATOBNA_METODA,PREMIETANIE_FILM_ID_FILMU,PREMIETANIE_KINO_ID_KINA,PREMIETANIE_PREMIETANIE_CAS,ZAKAZNIK_ROD_CISLO,"ZAPLATENÁ_CENA_LÍSTKA") values ('H','41','5',to_date('10.05.25','DD.MM.RR'),'880929/9012','7,91');
Insert into JURIK2.PREDANE_LISTKY (PLATOBNA_METODA,PREMIETANIE_FILM_ID_FILMU,PREMIETANIE_KINO_ID_KINA,PREMIETANIE_PREMIETANIE_CAS,ZAKAZNIK_ROD_CISLO,"ZAPLATENÁ_CENA_LÍSTKA") values ('K','10','1',to_date('10.05.25','DD.MM.RR'),'800717/7890','6,07');
Insert into JURIK2.PREDANE_LISTKY (PLATOBNA_METODA,PREMIETANIE_FILM_ID_FILMU,PREMIETANIE_KINO_ID_KINA,PREMIETANIE_PREMIETANIE_CAS,ZAKAZNIK_ROD_CISLO,"ZAPLATENÁ_CENA_LÍSTKA") values ('O','36','3',to_date('11.05.25','DD.MM.RR'),'875920/0123','9,33');
Insert into JURIK2.PREDANE_LISTKY (PLATOBNA_METODA,PREMIETANIE_FILM_ID_FILMU,PREMIETANIE_KINO_ID_KINA,PREMIETANIE_PREMIETANIE_CAS,ZAKAZNIK_ROD_CISLO,"ZAPLATENÁ_CENA_LÍSTKA") values ('K','8','5',to_date('10.05.25','DD.MM.RR'),'935424/4567','9,34');
Insert into JURIK2.PREDANE_LISTKY (PLATOBNA_METODA,PREMIETANIE_FILM_ID_FILMU,PREMIETANIE_KINO_ID_KINA,PREMIETANIE_PREMIETANIE_CAS,ZAKAZNIK_ROD_CISLO,"ZAPLATENÁ_CENA_LÍSTKA") values ('H','36','7',to_date('11.05.25','DD.MM.RR'),'935424/4567','9,15');
Insert into JURIK2.PREDANE_LISTKY (PLATOBNA_METODA,PREMIETANIE_FILM_ID_FILMU,PREMIETANIE_KINO_ID_KINA,PREMIETANIE_PREMIETANIE_CAS,ZAKAZNIK_ROD_CISLO,"ZAPLATENÁ_CENA_LÍSTKA") values ('H','35','3',to_date('10.05.25','DD.MM.RR'),'955212/2345','9,81');
Insert into JURIK2.PREDANE_LISTKY (PLATOBNA_METODA,PREMIETANIE_FILM_ID_FILMU,PREMIETANIE_KINO_ID_KINA,PREMIETANIE_PREMIETANIE_CAS,ZAKAZNIK_ROD_CISLO,"ZAPLATENÁ_CENA_LÍSTKA") values ('H','14','5',to_date('10.05.25','DD.MM.RR'),'955212/2345','6,69');
Insert into JURIK2.PREDANE_LISTKY (PLATOBNA_METODA,PREMIETANIE_FILM_ID_FILMU,PREMIETANIE_KINO_ID_KINA,PREMIETANIE_PREMIETANIE_CAS,ZAKAZNIK_ROD_CISLO,"ZAPLATENÁ_CENA_LÍSTKA") values ('H','8','5',to_date('10.05.25','DD.MM.RR'),'895828/8901','4,96');
Insert into JURIK2.PREDANE_LISTKY (PLATOBNA_METODA,PREMIETANIE_FILM_ID_FILMU,PREMIETANIE_KINO_ID_KINA,PREMIETANIE_PREMIETANIE_CAS,ZAKAZNIK_ROD_CISLO,"ZAPLATENÁ_CENA_LÍSTKA") values ('K','50','1',to_date('10.05.25','DD.MM.RR'),'890515/5678','3,69');
Insert into JURIK2.PREDANE_LISTKY (PLATOBNA_METODA,PREMIETANIE_FILM_ID_FILMU,PREMIETANIE_KINO_ID_KINA,PREMIETANIE_PREMIETANIE_CAS,ZAKAZNIK_ROD_CISLO,"ZAPLATENÁ_CENA_LÍSTKA") values ('O','36','3',to_date('11.05.25','DD.MM.RR'),'880313/3456','6,07');
Insert into JURIK2.PREDANE_LISTKY (PLATOBNA_METODA,PREMIETANIE_FILM_ID_FILMU,PREMIETANIE_KINO_ID_KINA,PREMIETANIE_PREMIETANIE_CAS,ZAKAZNIK_ROD_CISLO,"ZAPLATENÁ_CENA_LÍSTKA") values ('O','41','5',to_date('10.05.25','DD.MM.RR'),'870111/1234','4,57');
Insert into JURIK2.PREDANE_LISTKY (PLATOBNA_METODA,PREMIETANIE_FILM_ID_FILMU,PREMIETANIE_KINO_ID_KINA,PREMIETANIE_PREMIETANIE_CAS,ZAKAZNIK_ROD_CISLO,"ZAPLATENÁ_CENA_LÍSTKA") values ('O','5','4',to_date('10.05.25','DD.MM.RR'),'935808/8901','3,47');
Insert into JURIK2.PREDANE_LISTKY (PLATOBNA_METODA,PREMIETANIE_FILM_ID_FILMU,PREMIETANIE_KINO_ID_KINA,PREMIETANIE_PREMIETANIE_CAS,ZAKAZNIK_ROD_CISLO,"ZAPLATENÁ_CENA_LÍSTKA") values ('H','36','3',to_date('11.05.25','DD.MM.RR'),'905404/4567','3,61');
Insert into JURIK2.PREDANE_LISTKY (PLATOBNA_METODA,PREMIETANIE_FILM_ID_FILMU,PREMIETANIE_KINO_ID_KINA,PREMIETANIE_PREMIETANIE_CAS,ZAKAZNIK_ROD_CISLO,"ZAPLATENÁ_CENA_LÍSTKA") values ('O','32','5',to_date('11.05.25','DD.MM.RR'),'880929/9012','9,05');
Insert into JURIK2.PREDANE_LISTKY (PLATOBNA_METODA,PREMIETANIE_FILM_ID_FILMU,PREMIETANIE_KINO_ID_KINA,PREMIETANIE_PREMIETANIE_CAS,ZAKAZNIK_ROD_CISLO,"ZAPLATENÁ_CENA_LÍSTKA") values ('K','28','3',to_date('10.05.25','DD.MM.RR'),'875920/0123','5,81');
Insert into JURIK2.PREDANE_LISTKY (PLATOBNA_METODA,PREMIETANIE_FILM_ID_FILMU,PREMIETANIE_KINO_ID_KINA,PREMIETANIE_PREMIETANIE_CAS,ZAKAZNIK_ROD_CISLO,"ZAPLATENÁ_CENA_LÍSTKA") values ('O','38','1',to_date('11.05.25','DD.MM.RR'),'896606/6789','4,97');
Insert into JURIK2.PREDANE_LISTKY (PLATOBNA_METODA,PREMIETANIE_FILM_ID_FILMU,PREMIETANIE_KINO_ID_KINA,PREMIETANIE_PREMIETANIE_CAS,ZAKAZNIK_ROD_CISLO,"ZAPLATENÁ_CENA_LÍSTKA") values ('K','19','4',to_date('11.05.25','DD.MM.RR'),'810505/5678','3,11');
Insert into JURIK2.PREDANE_LISTKY (PLATOBNA_METODA,PREMIETANIE_FILM_ID_FILMU,PREMIETANIE_KINO_ID_KINA,PREMIETANIE_PREMIETANIE_CAS,ZAKAZNIK_ROD_CISLO,"ZAPLATENÁ_CENA_LÍSTKA") values ('O','50','1',to_date('10.05.25','DD.MM.RR'),'925222/2345','4,81');
Insert into JURIK2.PREDANE_LISTKY (PLATOBNA_METODA,PREMIETANIE_FILM_ID_FILMU,PREMIETANIE_KINO_ID_KINA,PREMIETANIE_PREMIETANIE_CAS,ZAKAZNIK_ROD_CISLO,"ZAPLATENÁ_CENA_LÍSTKA") values ('K','17','3',to_date('11.05.25','DD.MM.RR'),'820727/7890','9,15');
Insert into JURIK2.PREDANE_LISTKY (PLATOBNA_METODA,PREMIETANIE_FILM_ID_FILMU,PREMIETANIE_KINO_ID_KINA,PREMIETANIE_PREMIETANIE_CAS,ZAKAZNIK_ROD_CISLO,"ZAPLATENÁ_CENA_LÍSTKA") values ('H','32','5',to_date('11.05.25','DD.MM.RR'),'925202/2345','6,63');
Insert into JURIK2.PREDANE_LISTKY (PLATOBNA_METODA,PREMIETANIE_FILM_ID_FILMU,PREMIETANIE_KINO_ID_KINA,PREMIETANIE_PREMIETANIE_CAS,ZAKAZNIK_ROD_CISLO,"ZAPLATENÁ_CENA_LÍSTKA") values ('H','28','3',to_date('10.05.25','DD.MM.RR'),'955212/2345','3,45');
Insert into JURIK2.PREDANE_LISTKY (PLATOBNA_METODA,PREMIETANIE_FILM_ID_FILMU,PREMIETANIE_KINO_ID_KINA,PREMIETANIE_PREMIETANIE_CAS,ZAKAZNIK_ROD_CISLO,"ZAPLATENÁ_CENA_LÍSTKA") values ('O','11','2',to_date('11.05.25','DD.MM.RR'),'905010/0123','8,79');
Insert into JURIK2.PREDANE_LISTKY (PLATOBNA_METODA,PREMIETANIE_FILM_ID_FILMU,PREMIETANIE_KINO_ID_KINA,PREMIETANIE_PREMIETANIE_CAS,ZAKAZNIK_ROD_CISLO,"ZAPLATENÁ_CENA_LÍSTKA") values ('K','3','3',to_date('10.05.25','DD.MM.RR'),'850101/1234','6,6');
Insert into JURIK2.PREDANE_LISTKY (PLATOBNA_METODA,PREMIETANIE_FILM_ID_FILMU,PREMIETANIE_KINO_ID_KINA,PREMIETANIE_PREMIETANIE_CAS,ZAKAZNIK_ROD_CISLO,"ZAPLATENÁ_CENA_LÍSTKA") values ('H','39','6',to_date('11.05.25','DD.MM.RR'),'935424/4567','8,76');
Insert into JURIK2.PREDANE_LISTKY (PLATOBNA_METODA,PREMIETANIE_FILM_ID_FILMU,PREMIETANIE_KINO_ID_KINA,PREMIETANIE_PREMIETANIE_CAS,ZAKAZNIK_ROD_CISLO,"ZAPLATENÁ_CENA_LÍSTKA") values ('O','2','7',to_date('10.05.25','DD.MM.RR'),'900030/0123','5,73');
Insert into JURIK2.PREDANE_LISTKY (PLATOBNA_METODA,PREMIETANIE_FILM_ID_FILMU,PREMIETANIE_KINO_ID_KINA,PREMIETANIE_PREMIETANIE_CAS,ZAKAZNIK_ROD_CISLO,"ZAPLATENÁ_CENA_LÍSTKA") values ('K','32','5',to_date('11.05.25','DD.MM.RR'),'896606/6789','6,27');
Insert into JURIK2.PREDANE_LISTKY (PLATOBNA_METODA,PREMIETANIE_FILM_ID_FILMU,PREMIETANIE_KINO_ID_KINA,PREMIETANIE_PREMIETANIE_CAS,ZAKAZNIK_ROD_CISLO,"ZAPLATENÁ_CENA_LÍSTKA") values ('O','14','5',to_date('10.05.25','DD.MM.RR'),'896606/6789','8,41');
Insert into JURIK2.PREDANE_LISTKY (PLATOBNA_METODA,PREMIETANIE_FILM_ID_FILMU,PREMIETANIE_KINO_ID_KINA,PREMIETANIE_PREMIETANIE_CAS,ZAKAZNIK_ROD_CISLO,"ZAPLATENÁ_CENA_LÍSTKA") values ('O','35','3',to_date('10.05.25','DD.MM.RR'),'935808/8901','3,01');
Insert into JURIK2.PREDANE_LISTKY (PLATOBNA_METODA,PREMIETANIE_FILM_ID_FILMU,PREMIETANIE_KINO_ID_KINA,PREMIETANIE_PREMIETANIE_CAS,ZAKAZNIK_ROD_CISLO,"ZAPLATENÁ_CENA_LÍSTKA") values ('O','8','5',to_date('10.05.25','DD.MM.RR'),'905010/0123','5,79');
Insert into JURIK2.PREDANE_LISTKY (PLATOBNA_METODA,PREMIETANIE_FILM_ID_FILMU,PREMIETANIE_KINO_ID_KINA,PREMIETANIE_PREMIETANIE_CAS,ZAKAZNIK_ROD_CISLO,"ZAPLATENÁ_CENA_LÍSTKA") values ('H','19','4',to_date('11.05.25','DD.MM.RR'),'875920/0123','7,46');
REM INSERTING into JURIK2.PREMIETANIE
SET DEFINE OFF;
Insert into JURIK2.PREMIETANIE (PREMIETANIE_CAS,FILM_ID_FILMU,KINO_ID_KINA,DOSTUPNE_LISTKY,CENA_LISTKA,OBSADENOST_MIEST,MAX_KAPACITA) values (to_date('10.05.25','DD.MM.RR'),'50','1','91','9,61','9','100');
Insert into JURIK2.PREMIETANIE (PREMIETANIE_CAS,FILM_ID_FILMU,KINO_ID_KINA,DOSTUPNE_LISTKY,CENA_LISTKA,OBSADENOST_MIEST,MAX_KAPACITA) values (to_date('10.05.25','DD.MM.RR'),'27','1','27','8,81','53','80');
Insert into JURIK2.PREMIETANIE (PREMIETANIE_CAS,FILM_ID_FILMU,KINO_ID_KINA,DOSTUPNE_LISTKY,CENA_LISTKA,OBSADENOST_MIEST,MAX_KAPACITA) values (to_date('10.05.25','DD.MM.RR'),'10','1','106','5,51','44','150');
Insert into JURIK2.PREMIETANIE (PREMIETANIE_CAS,FILM_ID_FILMU,KINO_ID_KINA,DOSTUPNE_LISTKY,CENA_LISTKA,OBSADENOST_MIEST,MAX_KAPACITA) values (to_date('10.05.25','DD.MM.RR'),'31','1','4','8,66','76','80');
Insert into JURIK2.PREMIETANIE (PREMIETANIE_CAS,FILM_ID_FILMU,KINO_ID_KINA,DOSTUPNE_LISTKY,CENA_LISTKA,OBSADENOST_MIEST,MAX_KAPACITA) values (to_date('10.05.25','DD.MM.RR'),'49','2','14','5,53','66','80');
Insert into JURIK2.PREMIETANIE (PREMIETANIE_CAS,FILM_ID_FILMU,KINO_ID_KINA,DOSTUPNE_LISTKY,CENA_LISTKA,OBSADENOST_MIEST,MAX_KAPACITA) values (to_date('10.05.25','DD.MM.RR'),'1','2','22','4,83','98','120');
Insert into JURIK2.PREMIETANIE (PREMIETANIE_CAS,FILM_ID_FILMU,KINO_ID_KINA,DOSTUPNE_LISTKY,CENA_LISTKA,OBSADENOST_MIEST,MAX_KAPACITA) values (to_date('10.05.25','DD.MM.RR'),'33','2','9','5,43','111','120');
Insert into JURIK2.PREMIETANIE (PREMIETANIE_CAS,FILM_ID_FILMU,KINO_ID_KINA,DOSTUPNE_LISTKY,CENA_LISTKA,OBSADENOST_MIEST,MAX_KAPACITA) values (to_date('10.05.25','DD.MM.RR'),'26','2','29','4,28','51','80');
Insert into JURIK2.PREMIETANIE (PREMIETANIE_CAS,FILM_ID_FILMU,KINO_ID_KINA,DOSTUPNE_LISTKY,CENA_LISTKA,OBSADENOST_MIEST,MAX_KAPACITA) values (to_date('10.05.25','DD.MM.RR'),'28','3','90','7,65','30','120');
Insert into JURIK2.PREMIETANIE (PREMIETANIE_CAS,FILM_ID_FILMU,KINO_ID_KINA,DOSTUPNE_LISTKY,CENA_LISTKA,OBSADENOST_MIEST,MAX_KAPACITA) values (to_date('10.05.25','DD.MM.RR'),'3','3','18','9,22','102','120');
Insert into JURIK2.PREMIETANIE (PREMIETANIE_CAS,FILM_ID_FILMU,KINO_ID_KINA,DOSTUPNE_LISTKY,CENA_LISTKA,OBSADENOST_MIEST,MAX_KAPACITA) values (to_date('10.05.25','DD.MM.RR'),'35','3','4','5,68','76','80');
Insert into JURIK2.PREMIETANIE (PREMIETANIE_CAS,FILM_ID_FILMU,KINO_ID_KINA,DOSTUPNE_LISTKY,CENA_LISTKA,OBSADENOST_MIEST,MAX_KAPACITA) values (to_date('10.05.25','DD.MM.RR'),'18','3','8','5,31','72','80');
Insert into JURIK2.PREMIETANIE (PREMIETANIE_CAS,FILM_ID_FILMU,KINO_ID_KINA,DOSTUPNE_LISTKY,CENA_LISTKA,OBSADENOST_MIEST,MAX_KAPACITA) values (to_date('10.05.25','DD.MM.RR'),'22','4','3','6,77','117','120');
Insert into JURIK2.PREMIETANIE (PREMIETANIE_CAS,FILM_ID_FILMU,KINO_ID_KINA,DOSTUPNE_LISTKY,CENA_LISTKA,OBSADENOST_MIEST,MAX_KAPACITA) values (to_date('10.05.25','DD.MM.RR'),'44','4','1','6,73','149','150');
Insert into JURIK2.PREMIETANIE (PREMIETANIE_CAS,FILM_ID_FILMU,KINO_ID_KINA,DOSTUPNE_LISTKY,CENA_LISTKA,OBSADENOST_MIEST,MAX_KAPACITA) values (to_date('10.05.25','DD.MM.RR'),'25','4','3','5,32','117','120');
Insert into JURIK2.PREMIETANIE (PREMIETANIE_CAS,FILM_ID_FILMU,KINO_ID_KINA,DOSTUPNE_LISTKY,CENA_LISTKA,OBSADENOST_MIEST,MAX_KAPACITA) values (to_date('10.05.25','DD.MM.RR'),'5','4','2','6,92','78','80');
Insert into JURIK2.PREMIETANIE (PREMIETANIE_CAS,FILM_ID_FILMU,KINO_ID_KINA,DOSTUPNE_LISTKY,CENA_LISTKA,OBSADENOST_MIEST,MAX_KAPACITA) values (to_date('10.05.25','DD.MM.RR'),'41','5','68','6,71','52','120');
Insert into JURIK2.PREMIETANIE (PREMIETANIE_CAS,FILM_ID_FILMU,KINO_ID_KINA,DOSTUPNE_LISTKY,CENA_LISTKA,OBSADENOST_MIEST,MAX_KAPACITA) values (to_date('10.05.25','DD.MM.RR'),'16','5','13','8,49','107','120');
Insert into JURIK2.PREMIETANIE (PREMIETANIE_CAS,FILM_ID_FILMU,KINO_ID_KINA,DOSTUPNE_LISTKY,CENA_LISTKA,OBSADENOST_MIEST,MAX_KAPACITA) values (to_date('10.05.25','DD.MM.RR'),'14','5','58','6,98','62','120');
Insert into JURIK2.PREMIETANIE (PREMIETANIE_CAS,FILM_ID_FILMU,KINO_ID_KINA,DOSTUPNE_LISTKY,CENA_LISTKA,OBSADENOST_MIEST,MAX_KAPACITA) values (to_date('10.05.25','DD.MM.RR'),'8','5','48','8,61','72','120');
Insert into JURIK2.PREMIETANIE (PREMIETANIE_CAS,FILM_ID_FILMU,KINO_ID_KINA,DOSTUPNE_LISTKY,CENA_LISTKA,OBSADENOST_MIEST,MAX_KAPACITA) values (to_date('10.05.25','DD.MM.RR'),'6','6','29','5,93','51','80');
Insert into JURIK2.PREMIETANIE (PREMIETANIE_CAS,FILM_ID_FILMU,KINO_ID_KINA,DOSTUPNE_LISTKY,CENA_LISTKA,OBSADENOST_MIEST,MAX_KAPACITA) values (to_date('10.05.25','DD.MM.RR'),'30','6','41','8,37','79','120');
Insert into JURIK2.PREMIETANIE (PREMIETANIE_CAS,FILM_ID_FILMU,KINO_ID_KINA,DOSTUPNE_LISTKY,CENA_LISTKA,OBSADENOST_MIEST,MAX_KAPACITA) values (to_date('10.05.25','DD.MM.RR'),'46','6','86','5,77','64','150');
Insert into JURIK2.PREMIETANIE (PREMIETANIE_CAS,FILM_ID_FILMU,KINO_ID_KINA,DOSTUPNE_LISTKY,CENA_LISTKA,OBSADENOST_MIEST,MAX_KAPACITA) values (to_date('10.05.25','DD.MM.RR'),'47','6','36','5,22','84','120');
Insert into JURIK2.PREMIETANIE (PREMIETANIE_CAS,FILM_ID_FILMU,KINO_ID_KINA,DOSTUPNE_LISTKY,CENA_LISTKA,OBSADENOST_MIEST,MAX_KAPACITA) values (to_date('10.05.25','DD.MM.RR'),'2','7','4','7,3','76','80');
Insert into JURIK2.PREMIETANIE (PREMIETANIE_CAS,FILM_ID_FILMU,KINO_ID_KINA,DOSTUPNE_LISTKY,CENA_LISTKA,OBSADENOST_MIEST,MAX_KAPACITA) values (to_date('10.05.25','DD.MM.RR'),'9','7','51','6,82','69','120');
Insert into JURIK2.PREMIETANIE (PREMIETANIE_CAS,FILM_ID_FILMU,KINO_ID_KINA,DOSTUPNE_LISTKY,CENA_LISTKA,OBSADENOST_MIEST,MAX_KAPACITA) values (to_date('10.05.25','DD.MM.RR'),'23','7','89','6,66','31','120');
Insert into JURIK2.PREMIETANIE (PREMIETANIE_CAS,FILM_ID_FILMU,KINO_ID_KINA,DOSTUPNE_LISTKY,CENA_LISTKA,OBSADENOST_MIEST,MAX_KAPACITA) values (to_date('10.05.25','DD.MM.RR'),'21','7','47','6,43','73','120');
Insert into JURIK2.PREMIETANIE (PREMIETANIE_CAS,FILM_ID_FILMU,KINO_ID_KINA,DOSTUPNE_LISTKY,CENA_LISTKA,OBSADENOST_MIEST,MAX_KAPACITA) values (to_date('11.05.25','DD.MM.RR'),'38','1','56','8,57','64','120');
Insert into JURIK2.PREMIETANIE (PREMIETANIE_CAS,FILM_ID_FILMU,KINO_ID_KINA,DOSTUPNE_LISTKY,CENA_LISTKA,OBSADENOST_MIEST,MAX_KAPACITA) values (to_date('11.05.25','DD.MM.RR'),'24','1','27','7,6','93','120');
Insert into JURIK2.PREMIETANIE (PREMIETANIE_CAS,FILM_ID_FILMU,KINO_ID_KINA,DOSTUPNE_LISTKY,CENA_LISTKA,OBSADENOST_MIEST,MAX_KAPACITA) values (to_date('11.05.25','DD.MM.RR'),'37','1','13','6,68','107','120');
Insert into JURIK2.PREMIETANIE (PREMIETANIE_CAS,FILM_ID_FILMU,KINO_ID_KINA,DOSTUPNE_LISTKY,CENA_LISTKA,OBSADENOST_MIEST,MAX_KAPACITA) values (to_date('11.05.25','DD.MM.RR'),'45','1','30','5,11','90','120');
Insert into JURIK2.PREMIETANIE (PREMIETANIE_CAS,FILM_ID_FILMU,KINO_ID_KINA,DOSTUPNE_LISTKY,CENA_LISTKA,OBSADENOST_MIEST,MAX_KAPACITA) values (to_date('11.05.25','DD.MM.RR'),'43','2','92','5,91','28','120');
Insert into JURIK2.PREMIETANIE (PREMIETANIE_CAS,FILM_ID_FILMU,KINO_ID_KINA,DOSTUPNE_LISTKY,CENA_LISTKA,OBSADENOST_MIEST,MAX_KAPACITA) values (to_date('11.05.25','DD.MM.RR'),'11','2','96','6,94','24','120');
Insert into JURIK2.PREMIETANIE (PREMIETANIE_CAS,FILM_ID_FILMU,KINO_ID_KINA,DOSTUPNE_LISTKY,CENA_LISTKA,OBSADENOST_MIEST,MAX_KAPACITA) values (to_date('11.05.25','DD.MM.RR'),'7','2','55','4,55','65','120');
Insert into JURIK2.PREMIETANIE (PREMIETANIE_CAS,FILM_ID_FILMU,KINO_ID_KINA,DOSTUPNE_LISTKY,CENA_LISTKA,OBSADENOST_MIEST,MAX_KAPACITA) values (to_date('11.05.25','DD.MM.RR'),'12','2','83','7,44','37','120');
Insert into JURIK2.PREMIETANIE (PREMIETANIE_CAS,FILM_ID_FILMU,KINO_ID_KINA,DOSTUPNE_LISTKY,CENA_LISTKA,OBSADENOST_MIEST,MAX_KAPACITA) values (to_date('11.05.25','DD.MM.RR'),'36','3','24','6,05','96','120');
Insert into JURIK2.PREMIETANIE (PREMIETANIE_CAS,FILM_ID_FILMU,KINO_ID_KINA,DOSTUPNE_LISTKY,CENA_LISTKA,OBSADENOST_MIEST,MAX_KAPACITA) values (to_date('11.05.25','DD.MM.RR'),'40','3','44','9,17','76','120');
Insert into JURIK2.PREMIETANIE (PREMIETANIE_CAS,FILM_ID_FILMU,KINO_ID_KINA,DOSTUPNE_LISTKY,CENA_LISTKA,OBSADENOST_MIEST,MAX_KAPACITA) values (to_date('11.05.25','DD.MM.RR'),'17','3','46','8,76','74','120');
Insert into JURIK2.PREMIETANIE (PREMIETANIE_CAS,FILM_ID_FILMU,KINO_ID_KINA,DOSTUPNE_LISTKY,CENA_LISTKA,OBSADENOST_MIEST,MAX_KAPACITA) values (to_date('11.05.25','DD.MM.RR'),'20','3','18','4,7','102','120');
Insert into JURIK2.PREMIETANIE (PREMIETANIE_CAS,FILM_ID_FILMU,KINO_ID_KINA,DOSTUPNE_LISTKY,CENA_LISTKA,OBSADENOST_MIEST,MAX_KAPACITA) values (to_date('11.05.25','DD.MM.RR'),'34','4','59','4,89','61','120');
Insert into JURIK2.PREMIETANIE (PREMIETANIE_CAS,FILM_ID_FILMU,KINO_ID_KINA,DOSTUPNE_LISTKY,CENA_LISTKA,OBSADENOST_MIEST,MAX_KAPACITA) values (to_date('11.05.25','DD.MM.RR'),'19','4','13','4,64','107','120');
Insert into JURIK2.PREMIETANIE (PREMIETANIE_CAS,FILM_ID_FILMU,KINO_ID_KINA,DOSTUPNE_LISTKY,CENA_LISTKA,OBSADENOST_MIEST,MAX_KAPACITA) values (to_date('11.05.25','DD.MM.RR'),'15','4','98','8,01','22','120');
Insert into JURIK2.PREMIETANIE (PREMIETANIE_CAS,FILM_ID_FILMU,KINO_ID_KINA,DOSTUPNE_LISTKY,CENA_LISTKA,OBSADENOST_MIEST,MAX_KAPACITA) values (to_date('11.05.25','DD.MM.RR'),'4','4','49','5,15','71','120');
Insert into JURIK2.PREMIETANIE (PREMIETANIE_CAS,FILM_ID_FILMU,KINO_ID_KINA,DOSTUPNE_LISTKY,CENA_LISTKA,OBSADENOST_MIEST,MAX_KAPACITA) values (to_date('11.05.25','DD.MM.RR'),'29','5','7','8,27','113','120');
Insert into JURIK2.PREMIETANIE (PREMIETANIE_CAS,FILM_ID_FILMU,KINO_ID_KINA,DOSTUPNE_LISTKY,CENA_LISTKA,OBSADENOST_MIEST,MAX_KAPACITA) values (to_date('11.05.25','DD.MM.RR'),'13','5','24','6,2','96','120');
Insert into JURIK2.PREMIETANIE (PREMIETANIE_CAS,FILM_ID_FILMU,KINO_ID_KINA,DOSTUPNE_LISTKY,CENA_LISTKA,OBSADENOST_MIEST,MAX_KAPACITA) values (to_date('11.05.25','DD.MM.RR'),'48','5','23','7,6','97','120');
Insert into JURIK2.PREMIETANIE (PREMIETANIE_CAS,FILM_ID_FILMU,KINO_ID_KINA,DOSTUPNE_LISTKY,CENA_LISTKA,OBSADENOST_MIEST,MAX_KAPACITA) values (to_date('11.05.25','DD.MM.RR'),'32','5','54','4,5','66','120');
Insert into JURIK2.PREMIETANIE (PREMIETANIE_CAS,FILM_ID_FILMU,KINO_ID_KINA,DOSTUPNE_LISTKY,CENA_LISTKA,OBSADENOST_MIEST,MAX_KAPACITA) values (to_date('11.05.25','DD.MM.RR'),'42','6','38','7,48','82','120');
Insert into JURIK2.PREMIETANIE (PREMIETANIE_CAS,FILM_ID_FILMU,KINO_ID_KINA,DOSTUPNE_LISTKY,CENA_LISTKA,OBSADENOST_MIEST,MAX_KAPACITA) values (to_date('11.05.25','DD.MM.RR'),'39','6','13','8,24','107','120');
Insert into JURIK2.PREMIETANIE (PREMIETANIE_CAS,FILM_ID_FILMU,KINO_ID_KINA,DOSTUPNE_LISTKY,CENA_LISTKA,OBSADENOST_MIEST,MAX_KAPACITA) values (to_date('11.05.25','DD.MM.RR'),'35','6','86','5,14','64','150');
Insert into JURIK2.PREMIETANIE (PREMIETANIE_CAS,FILM_ID_FILMU,KINO_ID_KINA,DOSTUPNE_LISTKY,CENA_LISTKA,OBSADENOST_MIEST,MAX_KAPACITA) values (to_date('11.05.25','DD.MM.RR'),'46','6','28','9,32','92','120');
Insert into JURIK2.PREMIETANIE (PREMIETANIE_CAS,FILM_ID_FILMU,KINO_ID_KINA,DOSTUPNE_LISTKY,CENA_LISTKA,OBSADENOST_MIEST,MAX_KAPACITA) values (to_date('11.05.25','DD.MM.RR'),'26','7','75','5,42','45','120');
Insert into JURIK2.PREMIETANIE (PREMIETANIE_CAS,FILM_ID_FILMU,KINO_ID_KINA,DOSTUPNE_LISTKY,CENA_LISTKA,OBSADENOST_MIEST,MAX_KAPACITA) values (to_date('11.05.25','DD.MM.RR'),'22','7','49','9,84','71','120');
Insert into JURIK2.PREMIETANIE (PREMIETANIE_CAS,FILM_ID_FILMU,KINO_ID_KINA,DOSTUPNE_LISTKY,CENA_LISTKA,OBSADENOST_MIEST,MAX_KAPACITA) values (to_date('11.05.25','DD.MM.RR'),'36','7','66','7,89','54','120');
Insert into JURIK2.PREMIETANIE (PREMIETANIE_CAS,FILM_ID_FILMU,KINO_ID_KINA,DOSTUPNE_LISTKY,CENA_LISTKA,OBSADENOST_MIEST,MAX_KAPACITA) values (to_date('11.05.25','DD.MM.RR'),'28','7','77','6,37','43','120');
Insert into JURIK2.PREMIETANIE (PREMIETANIE_CAS,FILM_ID_FILMU,KINO_ID_KINA,DOSTUPNE_LISTKY,CENA_LISTKA,OBSADENOST_MIEST,MAX_KAPACITA) values (to_date('12.05.25','DD.MM.RR'),'17','1','83','7,59','37','120');
Insert into JURIK2.PREMIETANIE (PREMIETANIE_CAS,FILM_ID_FILMU,KINO_ID_KINA,DOSTUPNE_LISTKY,CENA_LISTKA,OBSADENOST_MIEST,MAX_KAPACITA) values (to_date('12.05.25','DD.MM.RR'),'19','1','101','6,16','49','150');
Insert into JURIK2.PREMIETANIE (PREMIETANIE_CAS,FILM_ID_FILMU,KINO_ID_KINA,DOSTUPNE_LISTKY,CENA_LISTKA,OBSADENOST_MIEST,MAX_KAPACITA) values (to_date('12.05.25','DD.MM.RR'),'10','1','89','7,01','61','150');
Insert into JURIK2.PREMIETANIE (PREMIETANIE_CAS,FILM_ID_FILMU,KINO_ID_KINA,DOSTUPNE_LISTKY,CENA_LISTKA,OBSADENOST_MIEST,MAX_KAPACITA) values (to_date('12.05.25','DD.MM.RR'),'50','1','22','9,75','58','80');
Insert into JURIK2.PREMIETANIE (PREMIETANIE_CAS,FILM_ID_FILMU,KINO_ID_KINA,DOSTUPNE_LISTKY,CENA_LISTKA,OBSADENOST_MIEST,MAX_KAPACITA) values (to_date('11.05.25','DD.MM.RR'),'13','5','24','6,2','96','120');
Insert into JURIK2.PREMIETANIE (PREMIETANIE_CAS,FILM_ID_FILMU,KINO_ID_KINA,DOSTUPNE_LISTKY,CENA_LISTKA,OBSADENOST_MIEST,MAX_KAPACITA) values (to_date('10.05.25','DD.MM.RR'),'1','4','50','5,33','34','84');
REM INSERTING into JURIK2.ZAKAZNIK
SET DEFINE OFF;
Insert into JURIK2.ZAKAZNIK (MENO,PRIEZVISKO,ROD_CISLO,VERNOSTNY_PROGRAM) values ('Ján','Novák','850101/1234','1');
Insert into JURIK2.ZAKAZNIK (MENO,PRIEZVISKO,ROD_CISLO,VERNOSTNY_PROGRAM) values ('Petra','Kováčová','925202/2345','0');
Insert into JURIK2.ZAKAZNIK (MENO,PRIEZVISKO,ROD_CISLO,VERNOSTNY_PROGRAM) values ('Martin','Horváth','870303/3456','1');
Insert into JURIK2.ZAKAZNIK (MENO,PRIEZVISKO,ROD_CISLO,VERNOSTNY_PROGRAM) values ('Lucia','Szabóová','905404/4567','0');
Insert into JURIK2.ZAKAZNIK (MENO,PRIEZVISKO,ROD_CISLO,VERNOSTNY_PROGRAM) values ('Peter','Klein','810505/5678','1');
Insert into JURIK2.ZAKAZNIK (MENO,PRIEZVISKO,ROD_CISLO,VERNOSTNY_PROGRAM) values ('Eva','Balážová','896606/6789','0');
Insert into JURIK2.ZAKAZNIK (MENO,PRIEZVISKO,ROD_CISLO,VERNOSTNY_PROGRAM) values ('Tomáš','Šimek','860707/7890','1');
Insert into JURIK2.ZAKAZNIK (MENO,PRIEZVISKO,ROD_CISLO,VERNOSTNY_PROGRAM) values ('Andrea','Vargová','935808/8901','0');
Insert into JURIK2.ZAKAZNIK (MENO,PRIEZVISKO,ROD_CISLO,VERNOSTNY_PROGRAM) values ('Marek','Urban','850909/9012','0');
Insert into JURIK2.ZAKAZNIK (MENO,PRIEZVISKO,ROD_CISLO,VERNOSTNY_PROGRAM) values ('Simona','Mikušová','905010/0123','1');
Insert into JURIK2.ZAKAZNIK (MENO,PRIEZVISKO,ROD_CISLO,VERNOSTNY_PROGRAM) values ('Roman','Tóth','870111/1234','0');
Insert into JURIK2.ZAKAZNIK (MENO,PRIEZVISKO,ROD_CISLO,VERNOSTNY_PROGRAM) values ('Veronika','Danihelová','955212/2345','1');
Insert into JURIK2.ZAKAZNIK (MENO,PRIEZVISKO,ROD_CISLO,VERNOSTNY_PROGRAM) values ('Jakub','Král','880313/3456','0');
Insert into JURIK2.ZAKAZNIK (MENO,PRIEZVISKO,ROD_CISLO,VERNOSTNY_PROGRAM) values ('Katarína','Hrušková','945414/4567','1');
Insert into JURIK2.ZAKAZNIK (MENO,PRIEZVISKO,ROD_CISLO,VERNOSTNY_PROGRAM) values ('Erik','Molnár','890515/5678','0');
Insert into JURIK2.ZAKAZNIK (MENO,PRIEZVISKO,ROD_CISLO,VERNOSTNY_PROGRAM) values ('Barbora','Benová','935616/6789','1');
Insert into JURIK2.ZAKAZNIK (MENO,PRIEZVISKO,ROD_CISLO,VERNOSTNY_PROGRAM) values ('Dominik','Farkaš','800717/7890','1');
Insert into JURIK2.ZAKAZNIK (MENO,PRIEZVISKO,ROD_CISLO,VERNOSTNY_PROGRAM) values ('Zuzana','Poláková','955818/8901','0');
Insert into JURIK2.ZAKAZNIK (MENO,PRIEZVISKO,ROD_CISLO,VERNOSTNY_PROGRAM) values ('Michal','Gregor','860919/9012','1');
Insert into JURIK2.ZAKAZNIK (MENO,PRIEZVISKO,ROD_CISLO,VERNOSTNY_PROGRAM) values ('Alena','Juríková','875920/0123','0');
Insert into JURIK2.ZAKAZNIK (MENO,PRIEZVISKO,ROD_CISLO,VERNOSTNY_PROGRAM) values ('Igor','Rácz','910121/1234','1');
Insert into JURIK2.ZAKAZNIK (MENO,PRIEZVISKO,ROD_CISLO,VERNOSTNY_PROGRAM) values ('Daniela','Lisá','925222/2345','0');
Insert into JURIK2.ZAKAZNIK (MENO,PRIEZVISKO,ROD_CISLO,VERNOSTNY_PROGRAM) values ('Vladimír','Holub','850323/3456','0');
Insert into JURIK2.ZAKAZNIK (MENO,PRIEZVISKO,ROD_CISLO,VERNOSTNY_PROGRAM) values ('Natália','Kmeťová','935424/4567','1');
Insert into JURIK2.ZAKAZNIK (MENO,PRIEZVISKO,ROD_CISLO,VERNOSTNY_PROGRAM) values ('Pavol','Škoda','840525/5678','0');
Insert into JURIK2.ZAKAZNIK (MENO,PRIEZVISKO,ROD_CISLO,VERNOSTNY_PROGRAM) values ('Laura','Blažeková','915626/6789','1');
Insert into JURIK2.ZAKAZNIK (MENO,PRIEZVISKO,ROD_CISLO,VERNOSTNY_PROGRAM) values ('Richard','Javorský','820727/7890','0');
Insert into JURIK2.ZAKAZNIK (MENO,PRIEZVISKO,ROD_CISLO,VERNOSTNY_PROGRAM) values ('Monika','Vlachová','895828/8901','1');
Insert into JURIK2.ZAKAZNIK (MENO,PRIEZVISKO,ROD_CISLO,VERNOSTNY_PROGRAM) values ('Róbert','Karas','880929/9012','0');
Insert into JURIK2.ZAKAZNIK (MENO,PRIEZVISKO,ROD_CISLO,VERNOSTNY_PROGRAM) values ('Júlia','Tomanová','900030/0123','1');
Insert into JURIK2.ZAKAZNIK (MENO,PRIEZVISKO,ROD_CISLO,VERNOSTNY_PROGRAM) values ('Filip','Zeman','940131/1234','0');
REM INSERTING into JURIK2.ZAMESTNANEC
SET DEFINE OFF;
Insert into JURIK2.ZAMESTNANEC (MENO,PRIEZVISKO,ROD_CISLO,PRACOVNA_POZICIA,KINO_ID_KINA) values ('Jozef','Malík','800101/1001','M','1');
Insert into JURIK2.ZAMESTNANEC (MENO,PRIEZVISKO,ROD_CISLO,PRACOVNA_POZICIA,KINO_ID_KINA) values ('Ivana','Švecová','865503/2002','P','2');
Insert into JURIK2.ZAMESTNANEC (MENO,PRIEZVISKO,ROD_CISLO,PRACOVNA_POZICIA,KINO_ID_KINA) values ('Richard','Čierny','790303/3003','U','3');
Insert into JURIK2.ZAMESTNANEC (MENO,PRIEZVISKO,ROD_CISLO,PRACOVNA_POZICIA,KINO_ID_KINA) values ('Lenka','Holá','905504/4004','V','4');
Insert into JURIK2.ZAMESTNANEC (MENO,PRIEZVISKO,ROD_CISLO,PRACOVNA_POZICIA,KINO_ID_KINA) values ('Andrej','Bielik','820404/5005','M','5');
Insert into JURIK2.ZAMESTNANEC (MENO,PRIEZVISKO,ROD_CISLO,PRACOVNA_POZICIA,KINO_ID_KINA) values ('Michaela','Jančová','915605/6006','P','6');
Insert into JURIK2.ZAMESTNANEC (MENO,PRIEZVISKO,ROD_CISLO,PRACOVNA_POZICIA,KINO_ID_KINA) values ('Štefan','Rybár','831207/7007','U','7');
Insert into JURIK2.ZAMESTNANEC (MENO,PRIEZVISKO,ROD_CISLO,PRACOVNA_POZICIA,KINO_ID_KINA) values ('Kristína','Majerová','905808/8008','V','1');
Insert into JURIK2.ZAMESTNANEC (MENO,PRIEZVISKO,ROD_CISLO,PRACOVNA_POZICIA,KINO_ID_KINA) values ('Lukáš','Gregor','900109/9009','M','2');
Insert into JURIK2.ZAMESTNANEC (MENO,PRIEZVISKO,ROD_CISLO,PRACOVNA_POZICIA,KINO_ID_KINA) values ('Zuzana','Olivová','925910/1010','P','3');
Insert into JURIK2.ZAMESTNANEC (MENO,PRIEZVISKO,ROD_CISLO,PRACOVNA_POZICIA,KINO_ID_KINA) values ('Karol','Štefánik','850510/1111','U','4');
Insert into JURIK2.ZAMESTNANEC (MENO,PRIEZVISKO,ROD_CISLO,PRACOVNA_POZICIA,KINO_ID_KINA) values ('Beáta','Hrivnáková','895611/1212','V','5');
Insert into JURIK2.ZAMESTNANEC (MENO,PRIEZVISKO,ROD_CISLO,PRACOVNA_POZICIA,KINO_ID_KINA) values ('Adam','Košičan','870711/1313','M','6');
Insert into JURIK2.ZAMESTNANEC (MENO,PRIEZVISKO,ROD_CISLO,PRACOVNA_POZICIA,KINO_ID_KINA) values ('Alžbeta','Rudavská','935812/1414','P','7');
Insert into JURIK2.ZAMESTNANEC (MENO,PRIEZVISKO,ROD_CISLO,PRACOVNA_POZICIA,KINO_ID_KINA) values ('Viktor','Tarnóci','841113/1515','U','1');
--------------------------------------------------------
--  DDL for Index FILMY_PK
--------------------------------------------------------

  CREATE UNIQUE INDEX "JURIK2"."FILMY_PK" ON "JURIK2"."FILM" ("ID_FILMU") 
  PCTFREE 10 INITRANS 2 MAXTRANS 255 COMPUTE STATISTICS 
  STORAGE(INITIAL 65536 NEXT 1048576 MINEXTENTS 1 MAXEXTENTS 2147483645
  PCTINCREASE 0 FREELISTS 1 FREELIST GROUPS 1
  BUFFER_POOL DEFAULT FLASH_CACHE DEFAULT CELL_FLASH_CACHE DEFAULT)
  TABLESPACE "STUDENTI_DBS_2024" ;
--------------------------------------------------------
--  DDL for Index HODNOTENIE_PK
--------------------------------------------------------

  CREATE UNIQUE INDEX "JURIK2"."HODNOTENIE_PK" ON "JURIK2"."HODNOTENIE" ("ZAKAZNIK_ROD_CISLO", "FILM_ID_FILMU") 
  PCTFREE 10 INITRANS 2 MAXTRANS 255 COMPUTE STATISTICS 
  STORAGE(INITIAL 65536 NEXT 1048576 MINEXTENTS 1 MAXEXTENTS 2147483645
  PCTINCREASE 0 FREELISTS 1 FREELIST GROUPS 1
  BUFFER_POOL DEFAULT FLASH_CACHE DEFAULT CELL_FLASH_CACHE DEFAULT)
  TABLESPACE "STUDENTI_DBS_2024" ;
--------------------------------------------------------
--  DDL for Index KINO_PK
--------------------------------------------------------

  CREATE UNIQUE INDEX "JURIK2"."KINO_PK" ON "JURIK2"."KINO" ("ID_KINA") 
  PCTFREE 10 INITRANS 2 MAXTRANS 255 COMPUTE STATISTICS 
  STORAGE(INITIAL 65536 NEXT 1048576 MINEXTENTS 1 MAXEXTENTS 2147483645
  PCTINCREASE 0 FREELISTS 1 FREELIST GROUPS 1
  BUFFER_POOL DEFAULT FLASH_CACHE DEFAULT CELL_FLASH_CACHE DEFAULT)
  TABLESPACE "STUDENTI_DBS_2024" ;
--------------------------------------------------------
--  DDL for Index KONTAKTY_PK
--------------------------------------------------------

  CREATE UNIQUE INDEX "JURIK2"."KONTAKTY_PK" ON "JURIK2"."KONTAKTY" ("ID_KONTAKTU") 
  PCTFREE 10 INITRANS 2 MAXTRANS 255 COMPUTE STATISTICS 
  STORAGE(INITIAL 65536 NEXT 1048576 MINEXTENTS 1 MAXEXTENTS 2147483645
  PCTINCREASE 0 FREELISTS 1 FREELIST GROUPS 1
  BUFFER_POOL DEFAULT FLASH_CACHE DEFAULT CELL_FLASH_CACHE DEFAULT)
  TABLESPACE "STUDENTI_DBS_2024" ;
--------------------------------------------------------
--  DDL for Index PREDANE_LISTKY_PK
--------------------------------------------------------

  CREATE UNIQUE INDEX "JURIK2"."PREDANE_LISTKY_PK" ON "JURIK2"."PREDANE_LISTKY" ("PREMIETANIE_FILM_ID_FILMU", "PREMIETANIE_KINO_ID_KINA", "PREMIETANIE_PREMIETANIE_CAS", "ZAKAZNIK_ROD_CISLO") 
  PCTFREE 10 INITRANS 2 MAXTRANS 255 COMPUTE STATISTICS 
  STORAGE(INITIAL 65536 NEXT 1048576 MINEXTENTS 1 MAXEXTENTS 2147483645
  PCTINCREASE 0 FREELISTS 1 FREELIST GROUPS 1
  BUFFER_POOL DEFAULT FLASH_CACHE DEFAULT CELL_FLASH_CACHE DEFAULT)
  TABLESPACE "STUDENTI_DBS_2024" ;
--------------------------------------------------------
--  DDL for Index PREMIETANIE_PK
--------------------------------------------------------

  CREATE UNIQUE INDEX "JURIK2"."PREMIETANIE_PK" ON "JURIK2"."PREMIETANIE" ("FILM_ID_FILMU", "KINO_ID_KINA", "PREMIETANIE_CAS") 
  PCTFREE 10 INITRANS 2 MAXTRANS 255 COMPUTE STATISTICS 
  STORAGE(INITIAL 65536 NEXT 1048576 MINEXTENTS 1 MAXEXTENTS 2147483645
  PCTINCREASE 0 FREELISTS 1 FREELIST GROUPS 1
  BUFFER_POOL DEFAULT FLASH_CACHE DEFAULT CELL_FLASH_CACHE DEFAULT)
  TABLESPACE "STUDENTI_DBS_2024" ;
--------------------------------------------------------
--  DDL for Index ZAKAZNIK_PK
--------------------------------------------------------

  CREATE UNIQUE INDEX "JURIK2"."ZAKAZNIK_PK" ON "JURIK2"."ZAKAZNIK" ("ROD_CISLO") 
  PCTFREE 10 INITRANS 2 MAXTRANS 255 COMPUTE STATISTICS 
  STORAGE(INITIAL 65536 NEXT 1048576 MINEXTENTS 1 MAXEXTENTS 2147483645
  PCTINCREASE 0 FREELISTS 1 FREELIST GROUPS 1
  BUFFER_POOL DEFAULT FLASH_CACHE DEFAULT CELL_FLASH_CACHE DEFAULT)
  TABLESPACE "STUDENTI_DBS_2024" ;
--------------------------------------------------------
--  DDL for Index ZAMESTNANEC_PK
--------------------------------------------------------

  CREATE UNIQUE INDEX "JURIK2"."ZAMESTNANEC_PK" ON "JURIK2"."ZAMESTNANEC" ("ROD_CISLO") 
  PCTFREE 10 INITRANS 2 MAXTRANS 255 COMPUTE STATISTICS 
  STORAGE(INITIAL 65536 NEXT 1048576 MINEXTENTS 1 MAXEXTENTS 2147483645
  PCTINCREASE 0 FREELISTS 1 FREELIST GROUPS 1
  BUFFER_POOL DEFAULT FLASH_CACHE DEFAULT CELL_FLASH_CACHE DEFAULT)
  TABLESPACE "STUDENTI_DBS_2024" ;
--------------------------------------------------------
--  DDL for Index FILMY_PK
--------------------------------------------------------

  CREATE UNIQUE INDEX "JURIK2"."FILMY_PK" ON "JURIK2"."FILM" ("ID_FILMU") 
  PCTFREE 10 INITRANS 2 MAXTRANS 255 COMPUTE STATISTICS 
  STORAGE(INITIAL 65536 NEXT 1048576 MINEXTENTS 1 MAXEXTENTS 2147483645
  PCTINCREASE 0 FREELISTS 1 FREELIST GROUPS 1
  BUFFER_POOL DEFAULT FLASH_CACHE DEFAULT CELL_FLASH_CACHE DEFAULT)
  TABLESPACE "STUDENTI_DBS_2024" ;
--------------------------------------------------------
--  DDL for Index HODNOTENIE_PK
--------------------------------------------------------

  CREATE UNIQUE INDEX "JURIK2"."HODNOTENIE_PK" ON "JURIK2"."HODNOTENIE" ("ZAKAZNIK_ROD_CISLO", "FILM_ID_FILMU") 
  PCTFREE 10 INITRANS 2 MAXTRANS 255 COMPUTE STATISTICS 
  STORAGE(INITIAL 65536 NEXT 1048576 MINEXTENTS 1 MAXEXTENTS 2147483645
  PCTINCREASE 0 FREELISTS 1 FREELIST GROUPS 1
  BUFFER_POOL DEFAULT FLASH_CACHE DEFAULT CELL_FLASH_CACHE DEFAULT)
  TABLESPACE "STUDENTI_DBS_2024" ;
--------------------------------------------------------
--  DDL for Index KINO_PK
--------------------------------------------------------

  CREATE UNIQUE INDEX "JURIK2"."KINO_PK" ON "JURIK2"."KINO" ("ID_KINA") 
  PCTFREE 10 INITRANS 2 MAXTRANS 255 COMPUTE STATISTICS 
  STORAGE(INITIAL 65536 NEXT 1048576 MINEXTENTS 1 MAXEXTENTS 2147483645
  PCTINCREASE 0 FREELISTS 1 FREELIST GROUPS 1
  BUFFER_POOL DEFAULT FLASH_CACHE DEFAULT CELL_FLASH_CACHE DEFAULT)
  TABLESPACE "STUDENTI_DBS_2024" ;
--------------------------------------------------------
--  DDL for Index KONTAKTY_PK
--------------------------------------------------------

  CREATE UNIQUE INDEX "JURIK2"."KONTAKTY_PK" ON "JURIK2"."KONTAKTY" ("ID_KONTAKTU") 
  PCTFREE 10 INITRANS 2 MAXTRANS 255 COMPUTE STATISTICS 
  STORAGE(INITIAL 65536 NEXT 1048576 MINEXTENTS 1 MAXEXTENTS 2147483645
  PCTINCREASE 0 FREELISTS 1 FREELIST GROUPS 1
  BUFFER_POOL DEFAULT FLASH_CACHE DEFAULT CELL_FLASH_CACHE DEFAULT)
  TABLESPACE "STUDENTI_DBS_2024" ;
--------------------------------------------------------
--  DDL for Index PREDANE_LISTKY_PK
--------------------------------------------------------

  CREATE UNIQUE INDEX "JURIK2"."PREDANE_LISTKY_PK" ON "JURIK2"."PREDANE_LISTKY" ("PREMIETANIE_FILM_ID_FILMU", "PREMIETANIE_KINO_ID_KINA", "PREMIETANIE_PREMIETANIE_CAS", "ZAKAZNIK_ROD_CISLO") 
  PCTFREE 10 INITRANS 2 MAXTRANS 255 COMPUTE STATISTICS 
  STORAGE(INITIAL 65536 NEXT 1048576 MINEXTENTS 1 MAXEXTENTS 2147483645
  PCTINCREASE 0 FREELISTS 1 FREELIST GROUPS 1
  BUFFER_POOL DEFAULT FLASH_CACHE DEFAULT CELL_FLASH_CACHE DEFAULT)
  TABLESPACE "STUDENTI_DBS_2024" ;
--------------------------------------------------------
--  DDL for Index PREMIETANIE_PK
--------------------------------------------------------

  CREATE UNIQUE INDEX "JURIK2"."PREMIETANIE_PK" ON "JURIK2"."PREMIETANIE" ("FILM_ID_FILMU", "KINO_ID_KINA", "PREMIETANIE_CAS") 
  PCTFREE 10 INITRANS 2 MAXTRANS 255 COMPUTE STATISTICS 
  STORAGE(INITIAL 65536 NEXT 1048576 MINEXTENTS 1 MAXEXTENTS 2147483645
  PCTINCREASE 0 FREELISTS 1 FREELIST GROUPS 1
  BUFFER_POOL DEFAULT FLASH_CACHE DEFAULT CELL_FLASH_CACHE DEFAULT)
  TABLESPACE "STUDENTI_DBS_2024" ;
--------------------------------------------------------
--  DDL for Index ZAKAZNIK_PK
--------------------------------------------------------

  CREATE UNIQUE INDEX "JURIK2"."ZAKAZNIK_PK" ON "JURIK2"."ZAKAZNIK" ("ROD_CISLO") 
  PCTFREE 10 INITRANS 2 MAXTRANS 255 COMPUTE STATISTICS 
  STORAGE(INITIAL 65536 NEXT 1048576 MINEXTENTS 1 MAXEXTENTS 2147483645
  PCTINCREASE 0 FREELISTS 1 FREELIST GROUPS 1
  BUFFER_POOL DEFAULT FLASH_CACHE DEFAULT CELL_FLASH_CACHE DEFAULT)
  TABLESPACE "STUDENTI_DBS_2024" ;
--------------------------------------------------------
--  DDL for Index ZAMESTNANEC_PK
--------------------------------------------------------

  CREATE UNIQUE INDEX "JURIK2"."ZAMESTNANEC_PK" ON "JURIK2"."ZAMESTNANEC" ("ROD_CISLO") 
  PCTFREE 10 INITRANS 2 MAXTRANS 255 COMPUTE STATISTICS 
  STORAGE(INITIAL 65536 NEXT 1048576 MINEXTENTS 1 MAXEXTENTS 2147483645
  PCTINCREASE 0 FREELISTS 1 FREELIST GROUPS 1
  BUFFER_POOL DEFAULT FLASH_CACHE DEFAULT CELL_FLASH_CACHE DEFAULT)
  TABLESPACE "STUDENTI_DBS_2024" ;
--------------------------------------------------------
--  DDL for Trigger AKTUALIZUJ_ID_KINA
--------------------------------------------------------

  CREATE OR REPLACE EDITIONABLE TRIGGER "JURIK2"."AKTUALIZUJ_ID_KINA" 
AFTER UPDATE OF id_kina ON kino
FOR EACH ROW
BEGIN
    UPDATE premietanie
    SET kino_id_kina = :NEW.id_kina
    WHERE kino_id_kina = :OLD.id_kina;

    UPDATE predane_listky
    SET premietanie_kino_id_kina = :NEW.id_kina
    WHERE premietanie_kino_id_kina = :OLD.id_kina;

    UPDATE zamestnanec
    SET kino_id_kina = :NEW.id_kina
    WHERE kino_id_kina = :OLD.id_kina;
END;

/
ALTER TRIGGER "JURIK2"."AKTUALIZUJ_ID_KINA" ENABLE;
--------------------------------------------------------
--  DDL for Trigger SLEDUJ_ZAKAZNIKA
--------------------------------------------------------

  CREATE OR REPLACE EDITIONABLE TRIGGER "JURIK2"."SLEDUJ_ZAKAZNIKA" 
AFTER INSERT OR UPDATE OR DELETE ON zakaznik
FOR EACH ROW
BEGIN
    IF INSERTING THEN
        DBMS_OUTPUT.PUT_LINE('Pridaný nový zákazník: ' || :NEW.rod_cislo);
    ELSIF UPDATING THEN
        DBMS_OUTPUT.PUT_LINE('Zmenený zákazník: ' || :OLD.rod_cislo);
    ELSIF DELETING THEN
        DBMS_OUTPUT.PUT_LINE('Zákazník vymazaný: ' || :OLD.rod_cislo);
    END IF;
END;

/
ALTER TRIGGER "JURIK2"."SLEDUJ_ZAKAZNIKA" ENABLE;
--------------------------------------------------------
--  DDL for Trigger AKTUALIZUJ_ID_KINA
--------------------------------------------------------

  CREATE OR REPLACE EDITIONABLE TRIGGER "JURIK2"."AKTUALIZUJ_ID_KINA" 
AFTER UPDATE OF id_kina ON kino
FOR EACH ROW
BEGIN
    UPDATE premietanie
    SET kino_id_kina = :NEW.id_kina
    WHERE kino_id_kina = :OLD.id_kina;

    UPDATE predane_listky
    SET premietanie_kino_id_kina = :NEW.id_kina
    WHERE premietanie_kino_id_kina = :OLD.id_kina;

    UPDATE zamestnanec
    SET kino_id_kina = :NEW.id_kina
    WHERE kino_id_kina = :OLD.id_kina;
END;

/
ALTER TRIGGER "JURIK2"."AKTUALIZUJ_ID_KINA" ENABLE;
--------------------------------------------------------
--  DDL for Trigger SLEDUJ_ZAKAZNIKA
--------------------------------------------------------

  CREATE OR REPLACE EDITIONABLE TRIGGER "JURIK2"."SLEDUJ_ZAKAZNIKA" 
AFTER INSERT OR UPDATE OR DELETE ON zakaznik
FOR EACH ROW
BEGIN
    IF INSERTING THEN
        DBMS_OUTPUT.PUT_LINE('Pridaný nový zákazník: ' || :NEW.rod_cislo);
    ELSIF UPDATING THEN
        DBMS_OUTPUT.PUT_LINE('Zmenený zákazník: ' || :OLD.rod_cislo);
    ELSIF DELETING THEN
        DBMS_OUTPUT.PUT_LINE('Zákazník vymazaný: ' || :OLD.rod_cislo);
    END IF;
END;

/
ALTER TRIGGER "JURIK2"."SLEDUJ_ZAKAZNIKA" ENABLE;
--------------------------------------------------------
--  DDL for Procedure UPRAV_FILM
--------------------------------------------------------
set define off;

  CREATE OR REPLACE EDITIONABLE PROCEDURE "JURIK2"."UPRAV_FILM" 
(
    p_id_filmu             IN film.id_filmu%TYPE,
    p_nazov                IN film.nazov%TYPE,
    p_jazykova_verzia      IN film.jazykova_verzia%TYPE,
    p_produkcna_spolocnost IN film.produkcna_spolocnost%TYPE
) 
AS
BEGIN
    UPDATE film
    SET
        nazov = p_nazov,
        jazykova_verzia = p_jazykova_verzia,
        produkcna_spolocnost = p_produkcna_spolocnost
    WHERE id_filmu = p_id_filmu;

EXCEPTION
    WHEN OTHERS THEN
        RAISE_APPLICATION_ERROR(-20000, 'Nepodarilo sa upraviť film!');
END;

/
--------------------------------------------------------
--  DDL for Procedure VLOZ_FILM
--------------------------------------------------------
set define off;

  CREATE OR REPLACE EDITIONABLE PROCEDURE "JURIK2"."VLOZ_FILM" 
(
    p_id_filmu             IN film.id_filmu%TYPE,
    p_nazov                IN film.nazov%TYPE,
    p_jazykova_verzia      IN film.jazykova_verzia%TYPE,
    p_produkcna_spolocnost IN film.produkcna_spolocnost%TYPE
) 
AS
BEGIN
    INSERT INTO film 
    (
        id_filmu, nazov, jazykova_verzia, produkcna_spolocnost
    ) 
    VALUES (
        p_id_filmu, p_nazov, p_jazykova_verzia, p_produkcna_spolocnost
    );

EXCEPTION
    WHEN OTHERS THEN
        RAISE_APPLICATION_ERROR(-20000, 'Nepodarilo sa vložiť film!');
END;

/
--------------------------------------------------------
--  DDL for Procedure VYPIS_FILMY_PODLA_PREDAJOV
--------------------------------------------------------
set define off;

  CREATE OR REPLACE EDITIONABLE PROCEDURE "JURIK2"."VYPIS_FILMY_PODLA_PREDAJOV" 
(
    p_datum_od IN DATE,
    p_datum_do IN DATE
) 
AS
    CURSOR film_cursor IS
        SELECT f.nazov, COUNT(*) AS pocet_listkov
        FROM predane_listky pl
        JOIN film f ON f.id_filmu = pl.premietanie_film_id_filmu
        WHERE pl.premietanie_premietanie_cas BETWEEN p_datum_od AND p_datum_do
        GROUP BY f.nazov
        ORDER BY pocet_listkov DESC;

    v_nazov         film.nazov%TYPE;
    v_pocet_listkov INTEGER;
    v_counter       INTEGER := 0;
BEGIN
    OPEN film_cursor;
    LOOP
        FETCH film_cursor INTO v_nazov, v_pocet_listkov;
        EXIT WHEN film_cursor%NOTFOUND;

        DBMS_OUTPUT.PUT_LINE('Film: ' || v_nazov || ' – počet lístkov: ' || v_pocet_listkov);
        v_counter := v_counter + 1;
    END LOOP;
    CLOSE film_cursor;

    IF v_counter = 0 THEN
        DBMS_OUTPUT.PUT_LINE('Za zadané obdobie nebol predaný žiadny lístok.');
    END IF;
EXCEPTION
    WHEN OTHERS THEN
        RAISE_APPLICATION_ERROR(-20000, 'Chyba!');
END;

/
--------------------------------------------------------
--  DDL for Procedure VYPIS_KINA_PRE_FILM
--------------------------------------------------------
set define off;

  CREATE OR REPLACE EDITIONABLE PROCEDURE "JURIK2"."VYPIS_KINA_PRE_FILM" 
(
    p_id_filmu IN premietanie.film_id_filmu%TYPE
) 
AS
    CURSOR kina_cursor IS
        SELECT DISTINCT k.id_kina, k.nazov_kina, k.adresa
        FROM kino k
        JOIN premietanie p ON k.id_kina = p.kino_id_kina
        WHERE p.film_id_filmu = p_id_filmu;

    v_kino_id    kino.id_kina%TYPE;
    v_nazov      kino.nazov_kina%TYPE;
    v_adresa     kino.adresa%TYPE;
    v_counter    INTEGER := 0;
BEGIN
    OPEN kina_cursor;
    LOOP
        FETCH kina_cursor INTO v_kino_id, v_nazov, v_adresa;
        EXIT WHEN kina_cursor%NOTFOUND;

        DBMS_OUTPUT.PUT_LINE('Kino ID: ' || v_kino_id || ', Názov: ' || v_nazov || ', Adresa: ' || v_adresa);

        v_counter := v_counter + 1;
    END LOOP;
    CLOSE kina_cursor;

    IF v_counter = 0 
    THEN DBMS_OUTPUT.PUT_LINE('Žiadne kino nepremieta zadaný film.');
    END IF;
EXCEPTION
    WHEN OTHERS THEN
        RAISE_APPLICATION_ERROR(-20000, 'Chyba!');
END;

/
--------------------------------------------------------
--  DDL for Procedure VYPIS_NAJNAVSTEVOVANEJSIE_KINA
--------------------------------------------------------
set define off;

  CREATE OR REPLACE EDITIONABLE PROCEDURE "JURIK2"."VYPIS_NAJNAVSTEVOVANEJSIE_KINA" 
AS
    CURSOR navstevnost_cursor IS
        SELECT
            k.id_kina,
            k.nazov_kina,
            COUNT(pl.zakaznik_rod_cislo) AS pocet_listkov
        FROM predane_listky pl
        JOIN kino k ON k.id_kina = pl.premietanie_kino_id_kina
        GROUP BY k.id_kina, k.nazov_kina
        ORDER BY pocet_listkov DESC;

    v_id_kina       kino.id_kina%TYPE;
    v_nazov_kina    kino.nazov_kina%TYPE;
    v_pocet_listkov NUMBER;
    v_counter       INTEGER := 0;
BEGIN
    OPEN navstevnost_cursor;
    LOOP
        FETCH navstevnost_cursor INTO v_id_kina, v_nazov_kina, v_pocet_listkov;
        EXIT WHEN navstevnost_cursor%NOTFOUND;

        DBMS_OUTPUT.PUT_LINE(
            'Kino: ' || v_nazov_kina || ' (ID: ' || v_id_kina || ') – Predané lístky: ' || v_pocet_listkov
        );
        v_counter := v_counter + 1;
    END LOOP;
    CLOSE navstevnost_cursor;

    IF v_counter = 0 THEN
        DBMS_OUTPUT.PUT_LINE('Žiadne dáta o predaji lístkov.');
    END IF;
EXCEPTION
    WHEN OTHERS THEN
        RAISE_APPLICATION_ERROR(-20000, 'Chyba!');
END;

/
--------------------------------------------------------
--  DDL for Procedure VYPIS_PREMIETANIA_PRE_KINO
--------------------------------------------------------
set define off;

  CREATE OR REPLACE EDITIONABLE PROCEDURE "JURIK2"."VYPIS_PREMIETANIA_PRE_KINO" 
(
    p_id_kina IN premietanie.kino_id_kina%TYPE,
    p_datum   IN DATE
) 
AS
    CURSOR premietania_cursor IS
        SELECT
            p.premietanie_cas,
            f.nazov,
            p.cena_listka,
            p.obsadenost_miest,
            p.max_kapacita
        FROM premietanie p
        JOIN film f ON f.id_filmu = p.film_id_filmu
        WHERE p.kino_id_kina = p_id_kina
          AND TRUNC(p.premietanie_cas) = TRUNC(p_datum)
        ORDER BY p.premietanie_cas;

    v_cas           DATE;
    v_nazov_filmu   film.nazov%TYPE;
    v_cena          NUMBER;
    v_obsadenost    NUMBER;
    v_kapacita      NUMBER;
    v_counter       INTEGER := 0;
BEGIN
    OPEN premietania_cursor;
    LOOP
        FETCH premietania_cursor INTO v_cas, v_nazov_filmu, v_cena, v_obsadenost, v_kapacita;
        EXIT WHEN premietania_cursor%NOTFOUND;

        DBMS_OUTPUT.PUT_LINE(
            TO_CHAR(v_cas, 'HH24:MI') || ' – ' || v_nazov_filmu ||
            ' | Cena: ' || v_cena || '€ | Obsadenosť: ' || v_obsadenost || '/' || v_kapacita
        );
        v_counter := v_counter + 1;
    END LOOP;
    CLOSE premietania_cursor;

    IF v_counter = 0 THEN
        DBMS_OUTPUT.PUT_LINE('V daný deň nie sú premietania pre toto kino.');
    END IF;
EXCEPTION
    WHEN OTHERS THEN
        RAISE_APPLICATION_ERROR(-20000, 'Chyba!');
END;

/
--------------------------------------------------------
--  DDL for Procedure VYPIS_PRIEMERNU_OBSADENOST_KIN
--------------------------------------------------------
set define off;

  CREATE OR REPLACE EDITIONABLE PROCEDURE "JURIK2"."VYPIS_PRIEMERNU_OBSADENOST_KIN" 
AS
    CURSOR obsadenost_cursor IS
        SELECT
            k.id_kina,
            k.nazov_kina,
            ROUND(AVG(p.obsadenost_miest * 100 / p.max_kapacita), 2) AS priemer_obsadenosti
        FROM premietanie p
        JOIN kino k ON k.id_kina = p.kino_id_kina
        WHERE p.premietanie_cas BETWEEN ADD_MONTHS(SYSDATE, -1) AND SYSDATE
        GROUP BY k.id_kina, k.nazov_kina;

    v_id_kina        kino.id_kina%TYPE;
    v_nazov_kina     kino.nazov_kina%TYPE;
    v_priemer        NUMBER;
    v_counter        INTEGER := 0;
BEGIN
    OPEN obsadenost_cursor;
    LOOP
        FETCH obsadenost_cursor INTO v_id_kina, v_nazov_kina, v_priemer;
        EXIT WHEN obsadenost_cursor%NOTFOUND;

        DBMS_OUTPUT.PUT_LINE(
            'Kino: ' || v_nazov_kina || ' (ID: ' || v_id_kina || ') – Priemerná obsadenosť: ' || v_priemer || '%'
        );
        v_counter := v_counter + 1;
    END LOOP;
    CLOSE obsadenost_cursor;

    IF v_counter = 0 THEN
        DBMS_OUTPUT.PUT_LINE('Žiadne premietania za posledný mesiac.');
    END IF;
EXCEPTION
    WHEN OTHERS THEN
        RAISE_APPLICATION_ERROR(-20000, 'Chyba!');
END;

/
--------------------------------------------------------
--  DDL for Procedure VYPIS_STATISTIKU_PLATBY
--------------------------------------------------------
set define off;

  CREATE OR REPLACE EDITIONABLE PROCEDURE "JURIK2"."VYPIS_STATISTIKU_PLATBY" 
AS
    v_total        NUMBER := 0;
    v_karta        NUMBER := 0;
    v_hotovost     NUMBER := 0;
    v_online       NUMBER := 0;
BEGIN

    SELECT COUNT(*) INTO v_total FROM predane_listky;

    IF v_total = 0 THEN
        DBMS_OUTPUT.PUT_LINE('Neboli predané žiadne lístky.');
        RETURN;
    END IF;

    SELECT
        SUM(CASE WHEN platobna_metoda = 'K' THEN 1 ELSE 0 END),
        SUM(CASE WHEN platobna_metoda = 'H' THEN 1 ELSE 0 END),
        SUM(CASE WHEN platobna_metoda = 'O' THEN 1 ELSE 0 END)
    INTO v_karta, v_hotovost, v_online
    FROM predane_listky;

    DBMS_OUTPUT.PUT_LINE('Štatistika platobných metód (%):');
    DBMS_OUTPUT.PUT_LINE('Kartou:     ' || ROUND(v_karta / v_total * 100, 2) || '%');
    DBMS_OUTPUT.PUT_LINE('Hotovosť:   ' || ROUND(v_hotovost / v_total * 100, 2) || '%');
    DBMS_OUTPUT.PUT_LINE('Online:     ' || ROUND(v_online / v_total * 100, 2) || '%');

EXCEPTION
    WHEN OTHERS THEN
        RAISE_APPLICATION_ERROR(-20000, 'Chyba!');
END;

/
--------------------------------------------------------
--  DDL for Procedure ZMAZ_FILM
--------------------------------------------------------
set define off;

  CREATE OR REPLACE EDITIONABLE PROCEDURE "JURIK2"."ZMAZ_FILM" 
(
    p_id_filmu IN film.id_filmu%TYPE
) 
AS
BEGIN
    DELETE FROM film
    WHERE id_filmu = p_id_filmu;

EXCEPTION
    WHEN OTHERS THEN
        RAISE_APPLICATION_ERROR(-20000, 'Nepodarilo sa zmazať film!');
END;

/
--------------------------------------------------------
--  Constraints for Table FILM
--------------------------------------------------------

  ALTER TABLE "JURIK2"."FILM" ADD CONSTRAINT "FILMY_PK" PRIMARY KEY ("ID_FILMU")
  USING INDEX PCTFREE 10 INITRANS 2 MAXTRANS 255 COMPUTE STATISTICS 
  STORAGE(INITIAL 65536 NEXT 1048576 MINEXTENTS 1 MAXEXTENTS 2147483645
  PCTINCREASE 0 FREELISTS 1 FREELIST GROUPS 1
  BUFFER_POOL DEFAULT FLASH_CACHE DEFAULT CELL_FLASH_CACHE DEFAULT)
  TABLESPACE "STUDENTI_DBS_2024"  ENABLE;
  ALTER TABLE "JURIK2"."FILM" MODIFY ("ID_FILMU" NOT NULL ENABLE);
  ALTER TABLE "JURIK2"."FILM" MODIFY ("NAZOV" NOT NULL ENABLE);
  ALTER TABLE "JURIK2"."FILM" MODIFY ("JAZYKOVA_VERZIA" NOT NULL ENABLE);
  ALTER TABLE "JURIK2"."FILM" MODIFY ("PRODUKCNA_SPOLOCNOST" NOT NULL ENABLE);
--------------------------------------------------------
--  Constraints for Table HODNOTENIE
--------------------------------------------------------

  ALTER TABLE "JURIK2"."HODNOTENIE" ADD CONSTRAINT "HODNOTENIE_PK" PRIMARY KEY ("ZAKAZNIK_ROD_CISLO", "FILM_ID_FILMU")
  USING INDEX PCTFREE 10 INITRANS 2 MAXTRANS 255 COMPUTE STATISTICS 
  STORAGE(INITIAL 65536 NEXT 1048576 MINEXTENTS 1 MAXEXTENTS 2147483645
  PCTINCREASE 0 FREELISTS 1 FREELIST GROUPS 1
  BUFFER_POOL DEFAULT FLASH_CACHE DEFAULT CELL_FLASH_CACHE DEFAULT)
  TABLESPACE "STUDENTI_DBS_2024"  ENABLE;
  ALTER TABLE "JURIK2"."HODNOTENIE" MODIFY ("ZAKAZNIK_ROD_CISLO" NOT NULL ENABLE);
  ALTER TABLE "JURIK2"."HODNOTENIE" MODIFY ("FILM_ID_FILMU" NOT NULL ENABLE);
  ALTER TABLE "JURIK2"."HODNOTENIE" MODIFY ("POCET_HVIEZDICIEK" NOT NULL ENABLE);
  ALTER TABLE "JURIK2"."HODNOTENIE" MODIFY ("DATUM_HODNOTENIA" NOT NULL ENABLE);
  ALTER TABLE "JURIK2"."HODNOTENIE" ADD CHECK ( pocet_hviezdiciek BETWEEN 0 AND 5 ) ENABLE;
--------------------------------------------------------
--  Constraints for Table KINO
--------------------------------------------------------

  ALTER TABLE "JURIK2"."KINO" ADD CONSTRAINT "KINO_PK" PRIMARY KEY ("ID_KINA")
  USING INDEX PCTFREE 10 INITRANS 2 MAXTRANS 255 COMPUTE STATISTICS 
  STORAGE(INITIAL 65536 NEXT 1048576 MINEXTENTS 1 MAXEXTENTS 2147483645
  PCTINCREASE 0 FREELISTS 1 FREELIST GROUPS 1
  BUFFER_POOL DEFAULT FLASH_CACHE DEFAULT CELL_FLASH_CACHE DEFAULT)
  TABLESPACE "STUDENTI_DBS_2024"  ENABLE;
  ALTER TABLE "JURIK2"."KINO" MODIFY ("ID_KINA" NOT NULL ENABLE);
  ALTER TABLE "JURIK2"."KINO" MODIFY ("NAZOV_KINA" NOT NULL ENABLE);
  ALTER TABLE "JURIK2"."KINO" MODIFY ("ADRESA" NOT NULL ENABLE);
  ALTER TABLE "JURIK2"."KINO" MODIFY ("POCET_SAL" NOT NULL ENABLE);
--------------------------------------------------------
--  Constraints for Table KONTAKTY
--------------------------------------------------------

  ALTER TABLE "JURIK2"."KONTAKTY" ADD CONSTRAINT "KONTAKTY_PK" PRIMARY KEY ("ID_KONTAKTU")
  USING INDEX PCTFREE 10 INITRANS 2 MAXTRANS 255 COMPUTE STATISTICS 
  STORAGE(INITIAL 65536 NEXT 1048576 MINEXTENTS 1 MAXEXTENTS 2147483645
  PCTINCREASE 0 FREELISTS 1 FREELIST GROUPS 1
  BUFFER_POOL DEFAULT FLASH_CACHE DEFAULT CELL_FLASH_CACHE DEFAULT)
  TABLESPACE "STUDENTI_DBS_2024"  ENABLE;
  ALTER TABLE "JURIK2"."KONTAKTY" MODIFY ("TYP_KONTAKTU" NOT NULL ENABLE);
  ALTER TABLE "JURIK2"."KONTAKTY" MODIFY ("HODNOTA_KONTAKTU" NOT NULL ENABLE);
  ALTER TABLE "JURIK2"."KONTAKTY" MODIFY ("ID_KONTAKTU" NOT NULL ENABLE);
--------------------------------------------------------
--  Constraints for Table PREDANE_LISTKY
--------------------------------------------------------

  ALTER TABLE "JURIK2"."PREDANE_LISTKY" ADD CONSTRAINT "PREDANE_LISTKY_PK" PRIMARY KEY ("PREMIETANIE_FILM_ID_FILMU", "PREMIETANIE_KINO_ID_KINA", "PREMIETANIE_PREMIETANIE_CAS", "ZAKAZNIK_ROD_CISLO")
  USING INDEX PCTFREE 10 INITRANS 2 MAXTRANS 255 COMPUTE STATISTICS 
  STORAGE(INITIAL 65536 NEXT 1048576 MINEXTENTS 1 MAXEXTENTS 2147483645
  PCTINCREASE 0 FREELISTS 1 FREELIST GROUPS 1
  BUFFER_POOL DEFAULT FLASH_CACHE DEFAULT CELL_FLASH_CACHE DEFAULT)
  TABLESPACE "STUDENTI_DBS_2024"  ENABLE;
  ALTER TABLE "JURIK2"."PREDANE_LISTKY" MODIFY ("PLATOBNA_METODA" NOT NULL ENABLE);
  ALTER TABLE "JURIK2"."PREDANE_LISTKY" MODIFY ("PREMIETANIE_FILM_ID_FILMU" NOT NULL ENABLE);
  ALTER TABLE "JURIK2"."PREDANE_LISTKY" MODIFY ("PREMIETANIE_KINO_ID_KINA" NOT NULL ENABLE);
  ALTER TABLE "JURIK2"."PREDANE_LISTKY" MODIFY ("PREMIETANIE_PREMIETANIE_CAS" NOT NULL ENABLE);
  ALTER TABLE "JURIK2"."PREDANE_LISTKY" MODIFY ("ZAKAZNIK_ROD_CISLO" NOT NULL ENABLE);
  ALTER TABLE "JURIK2"."PREDANE_LISTKY" ADD CHECK ( platobna_metoda IN ( 'H', 'K', 'O' ) ) ENABLE;
  ALTER TABLE "JURIK2"."PREDANE_LISTKY" ADD CHECK ( zaplatená_cena_lístka BETWEEN 0 AND 99 ) ENABLE;
--------------------------------------------------------
--  Constraints for Table PREMIETANIE
--------------------------------------------------------

  ALTER TABLE "JURIK2"."PREMIETANIE" ADD CONSTRAINT "PREMIETANIE_PK" PRIMARY KEY ("FILM_ID_FILMU", "KINO_ID_KINA", "PREMIETANIE_CAS")
  USING INDEX PCTFREE 10 INITRANS 2 MAXTRANS 255 COMPUTE STATISTICS 
  STORAGE(INITIAL 65536 NEXT 1048576 MINEXTENTS 1 MAXEXTENTS 2147483645
  PCTINCREASE 0 FREELISTS 1 FREELIST GROUPS 1
  BUFFER_POOL DEFAULT FLASH_CACHE DEFAULT CELL_FLASH_CACHE DEFAULT)
  TABLESPACE "STUDENTI_DBS_2024"  ENABLE;
  ALTER TABLE "JURIK2"."PREMIETANIE" MODIFY ("PREMIETANIE_CAS" NOT NULL ENABLE);
  ALTER TABLE "JURIK2"."PREMIETANIE" MODIFY ("FILM_ID_FILMU" NOT NULL ENABLE);
  ALTER TABLE "JURIK2"."PREMIETANIE" MODIFY ("KINO_ID_KINA" NOT NULL ENABLE);
  ALTER TABLE "JURIK2"."PREMIETANIE" MODIFY ("DOSTUPNE_LISTKY" NOT NULL ENABLE);
  ALTER TABLE "JURIK2"."PREMIETANIE" MODIFY ("CENA_LISTKA" NOT NULL ENABLE);
  ALTER TABLE "JURIK2"."PREMIETANIE" MODIFY ("OBSADENOST_MIEST" NOT NULL ENABLE);
  ALTER TABLE "JURIK2"."PREMIETANIE" MODIFY ("MAX_KAPACITA" NOT NULL ENABLE);
  ALTER TABLE "JURIK2"."PREMIETANIE" ADD CHECK ( cena_listka BETWEEN 0 AND 99 ) ENABLE;
--------------------------------------------------------
--  Constraints for Table ZAKAZNIK
--------------------------------------------------------

  ALTER TABLE "JURIK2"."ZAKAZNIK" MODIFY ("MENO" NOT NULL ENABLE);
  ALTER TABLE "JURIK2"."ZAKAZNIK" MODIFY ("PRIEZVISKO" NOT NULL ENABLE);
  ALTER TABLE "JURIK2"."ZAKAZNIK" MODIFY ("ROD_CISLO" NOT NULL ENABLE);
  ALTER TABLE "JURIK2"."ZAKAZNIK" MODIFY ("VERNOSTNY_PROGRAM" NOT NULL ENABLE);
  ALTER TABLE "JURIK2"."ZAKAZNIK" ADD CHECK ( vernostny_program BETWEEN 0 AND 1 ) ENABLE;
  ALTER TABLE "JURIK2"."ZAKAZNIK" ADD CONSTRAINT "ZAKAZNIK_PK" PRIMARY KEY ("ROD_CISLO")
  USING INDEX PCTFREE 10 INITRANS 2 MAXTRANS 255 COMPUTE STATISTICS 
  STORAGE(INITIAL 65536 NEXT 1048576 MINEXTENTS 1 MAXEXTENTS 2147483645
  PCTINCREASE 0 FREELISTS 1 FREELIST GROUPS 1
  BUFFER_POOL DEFAULT FLASH_CACHE DEFAULT CELL_FLASH_CACHE DEFAULT)
  TABLESPACE "STUDENTI_DBS_2024"  ENABLE;
--------------------------------------------------------
--  Constraints for Table ZAMESTNANEC
--------------------------------------------------------

  ALTER TABLE "JURIK2"."ZAMESTNANEC" MODIFY ("MENO" NOT NULL ENABLE);
  ALTER TABLE "JURIK2"."ZAMESTNANEC" MODIFY ("PRIEZVISKO" NOT NULL ENABLE);
  ALTER TABLE "JURIK2"."ZAMESTNANEC" MODIFY ("ROD_CISLO" NOT NULL ENABLE);
  ALTER TABLE "JURIK2"."ZAMESTNANEC" MODIFY ("PRACOVNA_POZICIA" NOT NULL ENABLE);
  ALTER TABLE "JURIK2"."ZAMESTNANEC" MODIFY ("KINO_ID_KINA" NOT NULL ENABLE);
  ALTER TABLE "JURIK2"."ZAMESTNANEC" ADD CHECK ( pracovna_pozicia IN ( 'M', 'P', 'U', 'V' ) ) ENABLE;
  ALTER TABLE "JURIK2"."ZAMESTNANEC" ADD CONSTRAINT "ZAMESTNANEC_PK" PRIMARY KEY ("ROD_CISLO")
  USING INDEX PCTFREE 10 INITRANS 2 MAXTRANS 255 COMPUTE STATISTICS 
  STORAGE(INITIAL 65536 NEXT 1048576 MINEXTENTS 1 MAXEXTENTS 2147483645
  PCTINCREASE 0 FREELISTS 1 FREELIST GROUPS 1
  BUFFER_POOL DEFAULT FLASH_CACHE DEFAULT CELL_FLASH_CACHE DEFAULT)
  TABLESPACE "STUDENTI_DBS_2024"  ENABLE;
--------------------------------------------------------
--  Ref Constraints for Table HODNOTENIE
--------------------------------------------------------

  ALTER TABLE "JURIK2"."HODNOTENIE" ADD CONSTRAINT "HODNOTENIE_FILM_FK" FOREIGN KEY ("FILM_ID_FILMU")
	  REFERENCES "JURIK2"."FILM" ("ID_FILMU") ENABLE;
  ALTER TABLE "JURIK2"."HODNOTENIE" ADD CONSTRAINT "HODNOTENIE_ZAKAZNIK_FK" FOREIGN KEY ("ZAKAZNIK_ROD_CISLO")
	  REFERENCES "JURIK2"."ZAKAZNIK" ("ROD_CISLO") ENABLE;
--------------------------------------------------------
--  Ref Constraints for Table KONTAKTY
--------------------------------------------------------

  ALTER TABLE "JURIK2"."KONTAKTY" ADD CONSTRAINT "KONTAKTY_KINO_FK" FOREIGN KEY ("KINO_ID_KINA")
	  REFERENCES "JURIK2"."KINO" ("ID_KINA") ENABLE;
  ALTER TABLE "JURIK2"."KONTAKTY" ADD CONSTRAINT "KONTAKTY_ZAKAZNIK_FK" FOREIGN KEY ("ZAKAZNIK_ROD_CISLO")
	  REFERENCES "JURIK2"."ZAKAZNIK" ("ROD_CISLO") ENABLE;
  ALTER TABLE "JURIK2"."KONTAKTY" ADD CONSTRAINT "KONTAKTY_ZAMESTNANEC_FK" FOREIGN KEY ("ZAMESTNANEC_ROD_CISLO")
	  REFERENCES "JURIK2"."ZAMESTNANEC" ("ROD_CISLO") ENABLE;
--------------------------------------------------------
--  Ref Constraints for Table PREDANE_LISTKY
--------------------------------------------------------

  ALTER TABLE "JURIK2"."PREDANE_LISTKY" ADD CONSTRAINT "PREDANE_LISTKY_PREMIETANIE_FK" FOREIGN KEY ("PREMIETANIE_FILM_ID_FILMU", "PREMIETANIE_KINO_ID_KINA", "PREMIETANIE_PREMIETANIE_CAS")
	  REFERENCES "JURIK2"."PREMIETANIE" ("FILM_ID_FILMU", "KINO_ID_KINA", "PREMIETANIE_CAS") ENABLE;
  ALTER TABLE "JURIK2"."PREDANE_LISTKY" ADD CONSTRAINT "PREDANE_LISTKY_ZAKAZNIK_FK" FOREIGN KEY ("ZAKAZNIK_ROD_CISLO")
	  REFERENCES "JURIK2"."ZAKAZNIK" ("ROD_CISLO") ENABLE;
--------------------------------------------------------
--  Ref Constraints for Table PREMIETANIE
--------------------------------------------------------

  ALTER TABLE "JURIK2"."PREMIETANIE" ADD CONSTRAINT "PREMIETANIE_FILM_FK" FOREIGN KEY ("FILM_ID_FILMU")
	  REFERENCES "JURIK2"."FILM" ("ID_FILMU") ENABLE;
  ALTER TABLE "JURIK2"."PREMIETANIE" ADD CONSTRAINT "PREMIETANIE_KINO_FK" FOREIGN KEY ("KINO_ID_KINA")
	  REFERENCES "JURIK2"."KINO" ("ID_KINA") ENABLE;
--------------------------------------------------------
--  Ref Constraints for Table ZAMESTNANEC
--------------------------------------------------------

  ALTER TABLE "JURIK2"."ZAMESTNANEC" ADD CONSTRAINT "ZAMESTNANEC_KINO_FK" FOREIGN KEY ("KINO_ID_KINA")
	  REFERENCES "JURIK2"."KINO" ("ID_KINA") ENABLE;
